"barcode","patient","sample","shortLetterCode","definition","sample_submitter_id","tumor_descriptor","sample_id","pathology_report_uuid","submitter_id","sample_type","specimen_type","days_to_collection","state","initial_weight","tissue_type","preservation_method","synchronous_malignancy","days_to_diagnosis","tissue_or_organ_of_origin","age_at_diagnosis","primary_diagnosis","metastasis_at_diagnosis","prior_malignancy","year_of_diagnosis","prior_treatment","diagnosis_is_primary_disease","morphology","residual_disease","classification_of_tumor","tumor_focality","diagnosis_id","icd_10_code","site_of_resection_or_biopsy","ajcc_pathologic_stage","laterality","ajcc_staging_system_edition","treatments","ajcc_pathologic_t","ajcc_pathologic_n","ajcc_pathologic_m","tumor_of_origin","sites_of_involvement","days_to_last_follow_up","follow_ups_disease_response","race","gender","ethnicity","vital_status","age_at_index","days_to_birth","demographic_id","age_is_obfuscated","sex_at_birth","country_of_residence_at_enrollment","days_to_death","bcr_patient_barcode","primary_site","project_id","disease_type","name","releasable","released","paper_patient","paper_short.histo","paper_histology","paper_age.at.diagnosis","paper_gender","paper_history.other.malignancy","paper_Tumor.Site","paper_pathologic.tumor.size","paper_Pathology.review.depth","paper_residual.tumor","paper_radiation.treatment.adjuvant","paper_pharmaceutical.tx.adjuvant","paper_tumor.status","paper_OS.status","paper_DSS.status","paper_OS.days","paper_new.tumor.event.dx.indicator","paper_days.to.new.tumor.event","paper_RFS.status","paper_RFS.days","paper_treatment.outcome.at.tcga.followup","paper_local.recurrence","paper_local.recurrence.days","paper_distant.recurrence","paper_distant.recurrence.site","paper_distant.recurrence.days","paper_leiomyo.major.vessel.involvement","paper_synovial.ss18ssx.fusion.status","paper_avg.CN.12q13.15","paper_AMP.12q15.DDIT3","paper_AMP.12q15.CDK4","paper_AMP.12q15.HMGA2","paper_AMP.12q15.MDM2","paper_AMP.12q15.FRS2","paper_mitotic.rate","paper_Necrosis.score","paper_Necrosis.present","paper_Necrosis.percentage","paper_disease.multifocal.indicator","paper_FNCLCC.grade","paper_CN.cluster","paper_methylation.cluster","paper_mRNA.cluster","paper_miRNA.cluster","paper_RPPA.cluster","paper_PARADIGM.cluster","paper_iCluster.cluster","paper_leukocyte.fraction","paper_purity","paper_ploidy","paper_Genome.doublings","paper_Cancer.DNA.fraction","paper_Subclona.genome.fraction","paper_CIN","paper_Mutation.Load","OS_time","OS_status"
"TCGA-3B-A9HO-01A-11R-A38C-07","TCGA-3B-A9HO","TCGA-3B-A9HO-01A","TP","Primary solid Tumor","TCGA-3B-A9HO-01A","Primary","697bd072-f6bd-4545-9c30-2c61ade688fe","2AC232C3-BE7A-44A1-ADCD-F052216D6E96","TCGA-3B-A9HO","Primary Tumor","Solid Tissue",625,"released",60,"Tumor","OCT","Not Reported",0,"Retroperitoneum",27664,"Dedifferentiated liposarcoma","No Metastasis","not reported",2012,"Yes",TRUE,"8858/3","R1","primary","Unifocal","01c6e017-21b5-52d2-b8ff-bea3c6c7b452","C48.0","Retroperitoneum",NA,NA,NA,"",NA,NA,NA,NA,"",959,"TF-Tumor Free","white","male","not hispanic or latino","Alive",75,-27664,"f6fea9b6-f62b-534e-bd6b-97ae7e5f1505",FALSE,"male","United States",NA,"TCGA-3B-A9HO-01A","Retroperitoneum and peritoneum; Colon; Other and unspecified male genital organs; Bones, joints and articular cartilage of limbs; Meninges; Stomach; Other and unspecified parts of tongue; Connective, subcutaneous and other soft tissues; Uterus, NOS; Kidney; Peripheral nerves and autonomic nervous system; Ovary; Corpus uteri","TCGA-SARC","Fibromatous Neoplasms; Myomatous Neoplasms; Nerve Sheath Tumors; Synovial-like Neoplasms; Soft Tissue Tumors and Sarcomas, NOS; Lipomatous Neoplasms","Sarcoma",TRUE,TRUE,"TCGA-3B-A9HO","DDLPS","dedifferentiated liposarcoma",75,"MALE","Yes","Retroperitoneum/Upper abdominal - Intraabdominal","25","deep","R1","NO","NO","TUMOR FREE","Alive","0",959,"YES","595","Relapse",595,"Complete Response","NA","NA","New Primary Tumor","Abdominal Wall","595","NA","NA",25,-0.345,3.657,3.657,3.657,3.657,2,1,"yes","<50 %","NO",2,3,"M1",1,2,"NA",1,3,0.483617791,"0.31","3.73","1","0.45","7.0000000000000007E-2",544,105,959,0
"TCGA-DX-A6BE-01A-41R-A32Q-07","TCGA-DX-A6BE","TCGA-DX-A6BE-01A","TP","Primary solid Tumor","TCGA-DX-A6BE-01A","Primary","02300b5f-7c4f-476c-826a-5a29543c6f33","79C2249E-8408-4B50-9370-B4A19A713E7F","TCGA-DX-A6BE","Primary Tumor","Solid Tissue",517,"released",810,"Tumor","OCT","No",0,"Retroperitoneum",28368,"Dedifferentiated liposarcoma","No Metastasis","no",2011,"No",TRUE,"8858/3","R0","primary","Unifocal","c1a38571-a85c-5d81-ac6f-53a40ac8a5a9","C48.0","Retroperitoneum",NA,NA,NA,"",NA,NA,NA,NA,"",881,"TF-Tumor Free","white","male","not hispanic or latino","Alive",77,-28368,"ee919be9-2a6c-5c88-8498-600b5d13af30",FALSE,"male","United States",NA,"TCGA-DX-A6BE-01A","Retroperitoneum and peritoneum; Colon; Other and unspecified male genital organs; Bones, joints and articular cartilage of limbs; Meninges; Stomach; Other and unspecified parts of tongue; Connective, subcutaneous and other soft tissues; Uterus, NOS; Kidney; Peripheral nerves and autonomic nervous system; Ovary; Corpus uteri","TCGA-SARC","Fibromatous Neoplasms; Myomatous Neoplasms; Nerve Sheath Tumors; Synovial-like Neoplasms; Soft Tissue Tumors and Sarcomas, NOS; Lipomatous Neoplasms","Sarcoma",TRUE,TRUE,"TCGA-DX-A6BE","DDLPS","dedifferentiated liposarcoma",77,"MALE","No","Retroperitoneum/Upper abdominal - Retroperitoneum","21","deep","R0","NO","NO","TUMOR FREE","Alive","0",881,"NO","NA","Non-Relapse",881,"Complete Response","NA","NA","NA","NA","NA","NA","NA",25,3.431,3.657,3.657,3.657,3.657,5,0,"no","<50 %","NO",2,2,"M1",1,2,"C5",4,3,0.547557958,"0.28999999999999998","2.06","0","0.3","0",249,54,881,0
"TCGA-3B-A9HS-01A-11R-A39D-07","TCGA-3B-A9HS","TCGA-3B-A9HS-01A","TP","Primary solid Tumor","TCGA-3B-A9HS-01A","Primary","943d3db6-7f56-4be1-8f67-33c2c1c02f0a","84CB55EA-C1BF-48B6-9EFF-0E5A82DAD417","TCGA-3B-A9HS","Primary Tumor","Solid Tissue",2086,"released",40,"Tumor","OCT",NA,298,"Not Reported",22244,"Myxoid leiomyosarcoma",NA,NA,NA,"Yes",FALSE,"8896/3",NA,"recurrence","Not Reported","0e9e3a5b-c1ab-4509-b12e-8b79d3d312cf",NA,"Not Reported",NA,NA,NA,"c(""2025-01-08T13:19:40.545926-06:00"", ""2025-01-08T13:19:40.545926-06:00"", ""2025-01-08T13:19:40.545926-06:00""); c(""12a74053-80e4-4f55-a5a0-86c75988aee7"", ""2d7ae8a7-0878-4ab6-89d7-64ba77e89e4d"", ""8113dec8-87bc-415d-9d3f-c5ba4cfd566c""); c(""TCGA-3B-A9HS_treatment8"", ""TCGA-3B-A9HS_treatment9"", ""TCGA-3B-A9HS_treatment7""); c(""Radiation Therapy, NOS"", ""Surgery, NOS"", ""Pharmaceutical Therapy, NOS""); c(""released"", ""released"", ""released""); c(""unknown"", ""no"", ""unknown""); c(""2025-01-06T16:56:38.908672-06:00"", ""2025-01-06T16:56:38.908672-06:00"", ""2025-01-06T16:56:38.908672-06:00""); c(""Recurrent Disease"", ""Recurrent Disease"", ""Recurrent Disease"")",NA,NA,NA,"TCGA-3B-A9HS_diagnosis","",1366,"WT-With Tumor","white","male","not hispanic or latino","Dead",60,-21946,"c1af421e-3eb9-5e65-b6ac-e87ed950f95f",FALSE,"male","United States",1366,"TCGA-3B-A9HS-01A","Retroperitoneum and peritoneum; Colon; Other and unspecified male genital organs; Bones, joints and articular cartilage of limbs; Meninges; Stomach; Other and unspecified parts of tongue; Connective, subcutaneous and other soft tissues; Uterus, NOS; Kidney; Peripheral nerves and autonomic nervous system; Ovary; Corpus uteri","TCGA-SARC","Fibromatous Neoplasms; Myomatous Neoplasms; Nerve Sheath Tumors; Synovial-like Neoplasms; Soft Tissue Tumors and Sarcomas, NOS; Lipomatous Neoplasms","Sarcoma",TRUE,TRUE,"TCGA-3B-A9HS","DDLPS","dedifferentiated liposarcoma",60,"MALE","No","Retroperitoneum/Upper abdominal - Retroperitoneum","30","deep","R0","YES","YES","WITH TUMOR","Dead","1",1366,"YES","139","Relapse",139,"NA","Locoregional Recurrence","139","Distant Metastasis","Pelvis","180","No Major Vessel Involvement","NA",19,-0.173,3.657,-0.098,3.657,3.657,4,1,"yes","<50 %","YES",2,3,"M1",1,2,"NA",4,2,0.305910661,"0.56999999999999995","3.29","1","0.68","0.43",604,101,1366,1
"TCGA-DX-A2J0-01A-11R-A21T-07","TCGA-DX-A2J0","TCGA-DX-A2J0-01A","TP","Primary solid Tumor","TCGA-DX-A2J0-01A","Primary","a8673ba9-ef34-42ca-a73e-1efb4f186e88","4B656153-FCF6-4C60-AD3A-3AD4715CC063","TCGA-DX-A2J0","Primary Tumor","Solid Tissue",2140,"released",250,"Tumor","OCT","No",0,"Retroperitoneum",22369,"Dedifferentiated liposarcoma",NA,"no",2005,"No",TRUE,"8858/3","R1","primary","Unifocal","8d9fe891-af30-56c6-9ca6-5b02b9c83748","C48.0","Retroperitoneum",NA,NA,NA,"",NA,NA,NA,NA,"",295,"WT-With Tumor","white","male","not hispanic or latino","Dead",61,-22369,"2c95bf17-ac56-524d-afc3-0ee96384b348",FALSE,"male","United States",295,"TCGA-DX-A2J0-01A","Retroperitoneum and peritoneum; Colon; Other and unspecified male genital organs; Bones, joints and articular cartilage of limbs; Meninges; Stomach; Other and unspecified parts of tongue; Connective, subcutaneous and other soft tissues; Uterus, NOS; Kidney; Peripheral nerves and autonomic nervous system; Ovary; Corpus uteri","TCGA-SARC","Fibromatous Neoplasms; Myomatous Neoplasms; Nerve Sheath Tumors; Synovial-like Neoplasms; Soft Tissue Tumors and Sarcomas, NOS; Lipomatous Neoplasms","Sarcoma",TRUE,TRUE,"TCGA-DX-A2J0","DDLPS","dedifferentiated liposarcoma",61,"MALE","No","Retroperitoneum/Upper abdominal - Retroperitoneum","25","deep","R1","NO","NO","WITH TUMOR","Dead","1",295,"YES","213","Relapse",213,"Progressive Disease","Locoregional Recurrence","213","NA","NA","NA","NA","NA",25,-0.187,3.657,3.657,3.657,3.657,1,0,"no","<50 %","NO",2,3,"M5",1,2,"C5",4,2,0.082191807,"0.93","1.88","0","0.92","7.0000000000000007E-2",657,60,295,1
"TCGA-DX-A23Y-01A-11R-A27Q-07","TCGA-DX-A23Y","TCGA-DX-A23Y-01A","TP","Primary solid Tumor","TCGA-DX-A23Y-01A","Primary","64235d51-b1b8-46ab-87ef-a7caeb394a6d","E3CB40E1-7F13-47B8-8F0B-AAC93EC6A63E","TCGA-DX-A23Y","Primary Tumor","Solid Tissue",1686,"released",190,"Tumor","OCT","No",0,"Retroperitoneum",29272,"Dedifferentiated liposarcoma",NA,"no",2006,"No",TRUE,"8858/3","R1","primary","Multifocal","3cd94eda-7a9e-573f-a733-9b97d3557b56","C48.0","Retroperitoneum",NA,NA,NA,"",NA,NA,NA,NA,"",191,"WT-With Tumor","white","male","not hispanic or latino","Dead",80,-29272,"03f4d399-ffb1-55ba-a0d0-63f3b51bf8b8",FALSE,"male","United States",191,"TCGA-DX-A23Y-01A","Retroperitoneum and peritoneum; Colon; Other and unspecified male genital organs; Bones, joints and articular cartilage of limbs; Meninges; Stomach; Other and unspecified parts of tongue; Connective, subcutaneous and other soft tissues; Uterus, NOS; Kidney; Peripheral nerves and autonomic nervous system; Ovary; Corpus uteri","TCGA-SARC","Fibromatous Neoplasms; Myomatous Neoplasms; Nerve Sheath Tumors; Synovial-like Neoplasms; Soft Tissue Tumors and Sarcomas, NOS; Lipomatous Neoplasms","Sarcoma",TRUE,TRUE,"TCGA-DX-A23Y","DDLPS","dedifferentiated liposarcoma",80,"MALE","No","Retroperitoneum/Upper abdominal - Retroperitoneum","20","deep","R1","NO","NO","WITH TUMOR","Dead","1",191,"YES","172","Relapse",172,"Progressive Disease","Locoregional Recurrence","172","NA","NA","NA","NA","NA",19,-0.181,3.657,-0.492,3.657,3.657,16,1,"yes","<50 %","YES",3,3,"M1",1,2,"C5",4,3,0.338075655,"0.55000000000000004","3.46","1","0.68","0.12",711,66,191,1
"TCGA-DX-A6BH-01A-12R-A30C-07","TCGA-DX-A6BH","TCGA-DX-A6BH-01A","TP","Primary solid Tumor","TCGA-DX-A6BH-01A","Primary","39f40e6d-2014-4066-a0db-61dcd0029b57","5117ACC2-7CA7-4C5B-9224-8E49D0BCDC38","TCGA-DX-A6BH","Primary Tumor","Unknown",282,"released",680,"Tumor","OCT","No",0,"Retroperitoneum",12742,"Dedifferentiated liposarcoma","No Metastasis","no",2012,"No",TRUE,"8858/3","R1","primary","Unifocal","2b825744-1742-580a-a152-480c7813ae42","C48.0","Retroperitoneum",NA,NA,NA,"",NA,NA,NA,NA,"",821,"WT-With Tumor","white","male","not hispanic or latino","Alive",34,-12742,"eed8f114-f2c0-5d54-af50-d384ea59795a",FALSE,"male","United States",NA,"TCGA-DX-A6BH-01A","Retroperitoneum and peritoneum; Colon; Other and unspecified male genital organs; Bones, joints and articular cartilage of limbs; Meninges; Stomach; Other and unspecified parts of tongue; Connective, subcutaneous and other soft tissues; Uterus, NOS; Kidney; Peripheral nerves and autonomic nervous system; Ovary; Corpus uteri","TCGA-SARC","Fibromatous Neoplasms; Myomatous Neoplasms; Nerve Sheath Tumors; Synovial-like Neoplasms; Soft Tissue Tumors and Sarcomas, NOS; Lipomatous Neoplasms","Sarcoma",TRUE,TRUE,"TCGA-DX-A6BH","DDLPS","dedifferentiated liposarcoma",34,"MALE","No","Lower abdominal/Pelvic - Pelvic","8","deep","R1","NO","NO","WITH TUMOR","Alive","0",821,"YES","232","Relapse",232,"NA","Locoregional Recurrence","232","NA","NA","NA","NA","NA",19,-0.012,3.657,-0.013,3.657,3.657,5,0,"no","<50 %","NO",2,2,"M1",1,2,"C3",4,2,0.191954905,"0.64","2.02","0","0.64","0.02",245,50,821,0
"TCGA-DX-A3LY-01B-11R-A27Q-07","TCGA-DX-A3LY","TCGA-DX-A3LY-01B","TP","Primary solid Tumor","TCGA-DX-A3LY-01B","Primary","a5697d2c-8e1a-42be-8ebf-e57d6919ba65","4BD1FBCC-6C96-47D2-862A-843040E37C02","TCGA-DX-A3LY","Primary Tumor","Solid Tissue",241,"released",950,"Tumor","OCT","Not Reported",0,"Retroperitoneum",24166,"Dedifferentiated liposarcoma",NA,"not reported",2011,"No",TRUE,"8858/3","R0","primary","Unifocal","3da72934-64bf-5ddf-99f7-9ebd025defec","C48.0","Retroperitoneum",NA,NA,NA,"",NA,NA,NA,NA,"",1017,"TF-Tumor Free","white","male","not hispanic or latino","Alive",66,-24166,"5ea01656-a48d-5b1e-a114-d2b86093e821",FALSE,"male","United States",NA,"TCGA-DX-A3LY-01B","Retroperitoneum and peritoneum; Colon; Other and unspecified male genital organs; Bones, joints and articular cartilage of limbs; Meninges; Stomach; Other and unspecified parts of tongue; Connective, subcutaneous and other soft tissues; Uterus, NOS; Kidney; Peripheral nerves and autonomic nervous system; Ovary; Corpus uteri","TCGA-SARC","Fibromatous Neoplasms; Myomatous Neoplasms; Nerve Sheath Tumors; Synovial-like Neoplasms; Soft Tissue Tumors and Sarcomas, NOS; Lipomatous Neoplasms","Sarcoma",TRUE,TRUE,"TCGA-DX-A3LY","DDLPS","dedifferentiated liposarcoma",66,"MALE","No","Retroperitoneum/Upper abdominal - Retroperitoneum","18.2","deep","R0","NO","NO","TUMOR FREE","Alive","0",1017,"NO","NA","Non-Relapse",1017,"Complete Response","NA","NA","NA","NA","NA","NA","NA",25,-0.249,3.657,3.657,3.657,3.657,7,0,"no","<50 %","NO",2,3,"M1",1,2,"C5",4,3,0.270103936,"0.59","3.83","1","0.73","0.18",699,69,1017,0
"TCGA-DX-A3LS-01A-11R-A21T-07","TCGA-DX-A3LS","TCGA-DX-A3LS-01A","TP","Primary solid Tumor","TCGA-DX-A3LS-01A","Primary","386455aa-441e-4bd2-a0a7-ad2ed278e5e6","097D95F9-C5CD-4688-B3B9-6F9C61BE69A8","TCGA-DX-A3LS","Primary Tumor","Solid Tissue",324,"released",440,"Tumor","OCT","No",0,"Retroperitoneum",28649,"Dedifferentiated liposarcoma",NA,"no",2011,"No",TRUE,"8858/3","R1","primary","Multifocal","1aadeaf6-0371-5a8c-9bed-e105b3350d60","C48.0","Retroperitoneum",NA,NA,NA,"",NA,NA,NA,NA,"",275,"WT-With Tumor","white","female","not hispanic or latino","Dead",78,-28649,"8d6edd8d-07ba-5727-a85d-c87d02c22254",FALSE,"female","United States",275,"TCGA-DX-A3LS-01A","Retroperitoneum and peritoneum; Colon; Other and unspecified male genital organs; Bones, joints and articular cartilage of limbs; Meninges; Stomach; Other and unspecified parts of tongue; Connective, subcutaneous and other soft tissues; Uterus, NOS; Kidney; Peripheral nerves and autonomic nervous system; Ovary; Corpus uteri","TCGA-SARC","Fibromatous Neoplasms; Myomatous Neoplasms; Nerve Sheath Tumors; Synovial-like Neoplasms; Soft Tissue Tumors and Sarcomas, NOS; Lipomatous Neoplasms","Sarcoma",TRUE,TRUE,"TCGA-DX-A3LS","DDLPS","dedifferentiated liposarcoma",78,"FEMALE","No","Retroperitoneum/Upper abdominal - Retroperitoneum","13.2","deep","R1","NO","NO","WITH TUMOR","Dead","1",275,"YES","114","Relapse",114,"Progressive Disease","NA","NA","Distant Metastasis","Lung","114","NA","NA",19,-0.879,3.657,-0.39,3.657,3.657,13,1,"yes","<50 %","YES",3,6,"M1",1,2,"C3",4,3,0.372772701,"0.41","1.93","0","0.4","0.03",599,68,275,1
"TCGA-DX-A240-01A-32R-A27Q-07","TCGA-DX-A240","TCGA-DX-A240-01A","TP","Primary solid Tumor","TCGA-DX-A240-01A","Primary","8acaf190-5a0d-440c-9c9a-b9eabdf661be","40282FEF-F7D1-44AF-ABA6-C76A86FEE518","TCGA-DX-A240","Primary Tumor","Solid Tissue",1713,"released",390,"Tumor","OCT","No",0,"Spermatic cord",18721,"Dedifferentiated liposarcoma",NA,"no",2006,"No",TRUE,"8858/3","R0","primary","Unifocal","4d3ffebe-f1a0-5fec-9218-56c867fcf4b4","C63.1","Spermatic cord",NA,NA,NA,"",NA,NA,NA,NA,"",1834,"TF-Tumor Free","white","male","not hispanic or latino","Alive",51,-18721,"7458ec90-c257-5621-9778-ec883fe26096",FALSE,"male","United States",NA,"TCGA-DX-A240-01A","Retroperitoneum and peritoneum; Colon; Other and unspecified male genital organs; Bones, joints and articular cartilage of limbs; Meninges; Stomach; Other and unspecified parts of tongue; Connective, subcutaneous and other soft tissues; Uterus, NOS; Kidney; Peripheral nerves and autonomic nervous system; Ovary; Corpus uteri","TCGA-SARC","Fibromatous Neoplasms; Myomatous Neoplasms; Nerve Sheath Tumors; Synovial-like Neoplasms; Soft Tissue Tumors and Sarcomas, NOS; Lipomatous Neoplasms","Sarcoma",TRUE,TRUE,"TCGA-DX-A240","DDLPS","dedifferentiated liposarcoma",51,"MALE","No","Lower abdominal/Pelvic - Spermatic Cord","13.5","deep","R0","NO","NO","TUMOR FREE","Alive","0",1834,"NO","NA","Non-Relapse",1834,"Complete Response","NA","NA","NA","NA","NA","NA","NA",19,0.009,3.657,-0.016,3.657,3.657,5,0,"no","<50 %","NO",2,2,"M1",1,2,"C4",5,2,0.074588316,"0.74","2.11","0","0.75","0.02",270,35,1834,0
"TCGA-DX-A3U6-01A-11R-A29R-07","TCGA-DX-A3U6","TCGA-DX-A3U6-01A","TP","Primary solid Tumor","TCGA-DX-A3U6-01A","Primary","acea4025-f740-4a60-ad51-eaf61964256b","725CC531-F19E-401A-8450-3628049AC166","TCGA-DX-A3U6","Primary Tumor","Solid Tissue",225,"released",910,"Tumor","OCT",NA,406,"Retroperitoneum",23599,"Dedifferentiated liposarcoma",NA,NA,NA,"Yes",FALSE,"8858/3",NA,"recurrence","Not Reported","47f599ca-a120-4363-8f90-738af9d95a1a",NA,"Not Reported",NA,NA,NA,"c(""2025-01-08T13:19:40.545926-06:00"", ""2025-01-08T13:19:40.545926-06:00"", ""2025-01-08T13:19:40.545926-06:00""); c(""2b6e7e3a-bd3d-4741-83d1-cf0702495811"", ""36b3bf3c-8a0d-40b6-8d46-e5a0f3d04b70"", ""ba317ebf-e079-44a2-a242-f98eb78fb491""); c(""TCGA-DX-A3U6_treatment5"", ""TCGA-DX-A3U6_treatment4"", ""TCGA-DX-A3U6_treatment6""); c(""Radiation Therapy, NOS"", ""Pharmaceutical Therapy, NOS"", ""Surgery, NOS""); c(""released"", ""released"", ""released""); c(""no"", ""yes"", ""no""); c(""2025-01-06T16:49:35.127678-06:00"", ""2025-01-06T16:49:35.127678-06:00"", ""2025-01-06T16:49:35.127678-06:00""); c(""Recurrent Disease"", ""Recurrent Disease"", ""Recurrent Disease"")",NA,NA,NA,"TCGA-DX-A3U6_diagnosis","",1088,"WT-With Tumor","white","female","not hispanic or latino","Dead",63,-23193,"ee1d864c-5982-5a5f-a8dd-c6cbe290f345",FALSE,"female","United States",1088,"TCGA-DX-A3U6-01A","Retroperitoneum and peritoneum; Colon; Other and unspecified male genital organs; Bones, joints and articular cartilage of limbs; Meninges; Stomach; Other and unspecified parts of tongue; Connective, subcutaneous and other soft tissues; Uterus, NOS; Kidney; Peripheral nerves and autonomic nervous system; Ovary; Corpus uteri","TCGA-SARC","Fibromatous Neoplasms; Myomatous Neoplasms; Nerve Sheath Tumors; Synovial-like Neoplasms; Soft Tissue Tumors and Sarcomas, NOS; Lipomatous Neoplasms","Sarcoma",TRUE,TRUE,"TCGA-DX-A3U6","DDLPS","dedifferentiated liposarcoma",63,"FEMALE","No","Retroperitoneum/Upper abdominal - Retroperitoneum","8.5","deep","R0","NO","NO","WITH TUMOR","Dead","1",1088,"YES","160","Relapse",160,"Progressive Disease","Locoregional Recurrence","160","NA","NA","NA","NA","NA",23,3.463,3.657,3.06699999999999,3.657,3.657,5,0,"no","<50 %","NO",2,2,"M1",1,2,"C3",4,3,0.726627402,"1","2.02","0","1","0.01",162,11,1088,1
"TCGA-DX-A1L4-01A-12R-A26T-07","TCGA-DX-A1L4","TCGA-DX-A1L4-01A","TP","Primary solid Tumor","TCGA-DX-A1L4-01A","Primary","eef3d5db-7c19-4cea-947b-9de9ed331a72","F65044C7-8CC3-45D8-8910-4B9BCA7C88A7","TCGA-DX-A1L4","Primary Tumor","Unknown",643,"released",280,"Tumor","OCT","No",0,"Retroperitoneum",22195,"Dedifferentiated liposarcoma",NA,"no",2009,"No",TRUE,"8858/3","R0","primary","Unifocal","8e1b1749-aabd-5587-98c5-38245fac6d12","C48.0","Retroperitoneum",NA,NA,NA,"",NA,NA,NA,NA,"",2036,"WT-With Tumor","white","male","not hispanic or latino","Alive",60,-22195,"cb7dcb86-93d7-5784-ad90-b39a1ef7e3d4",FALSE,"male","United States",NA,"TCGA-DX-A1L4-01A","Retroperitoneum and peritoneum; Colon; Other and unspecified male genital organs; Bones, joints and articular cartilage of limbs; Meninges; Stomach; Other and unspecified parts of tongue; Connective, subcutaneous and other soft tissues; Uterus, NOS; Kidney; Peripheral nerves and autonomic nervous system; Ovary; Corpus uteri","TCGA-SARC","Fibromatous Neoplasms; Myomatous Neoplasms; Nerve Sheath Tumors; Synovial-like Neoplasms; Soft Tissue Tumors and Sarcomas, NOS; Lipomatous Neoplasms","Sarcoma",TRUE,TRUE,"TCGA-DX-A1L4","DDLPS","dedifferentiated liposarcoma",60,"MALE","No","Retroperitoneum/Upper abdominal - Retroperitoneum","19.5","deep","R0","NO","NO","WITH TUMOR","Alive","0",2036,"YES","340","Relapse",340,"NA","Locoregional Recurrence","340","NA","NA","NA","NA","NA",20,0.001,3.657,1.44,3.657,3.657,2,1,"yes","<50 %","NO",2,2,"M1",1,2,"C3",4,3,0.679375286,"NA","NA","NA","NA","NA",235,21,2036,0
"TCGA-DX-A6BG-01A-11R-A30C-07","TCGA-DX-A6BG","TCGA-DX-A6BG-01A","TP","Primary solid Tumor","TCGA-DX-A6BG-01A","Primary","f6d48b22-8d82-47b0-8d1e-675e235dca98","BBCD8C5C-E7AF-47E0-8780-F31E90134600","TCGA-DX-A6BG","Primary Tumor","Unknown",170,"released",670,"Tumor","OCT","No",0,"Retroperitoneum",18682,"Dedifferentiated liposarcoma","No Metastasis","no",2012,"No",TRUE,"8858/3","R0","primary","Multifocal","02aabb49-1bd3-58f1-97f2-a129a65c9abf","C48.0","Retroperitoneum",NA,NA,NA,"",NA,NA,NA,NA,"",1121,"WT-With Tumor","white","male","not hispanic or latino","Alive",51,-18682,"4d310e7e-94aa-5bcb-b8c3-0c62ac759592",FALSE,"male","United States",NA,"TCGA-DX-A6BG-01A","Retroperitoneum and peritoneum; Colon; Other and unspecified male genital organs; Bones, joints and articular cartilage of limbs; Meninges; Stomach; Other and unspecified parts of tongue; Connective, subcutaneous and other soft tissues; Uterus, NOS; Kidney; Peripheral nerves and autonomic nervous system; Ovary; Corpus uteri","TCGA-SARC","Fibromatous Neoplasms; Myomatous Neoplasms; Nerve Sheath Tumors; Synovial-like Neoplasms; Soft Tissue Tumors and Sarcomas, NOS; Lipomatous Neoplasms","Sarcoma",TRUE,TRUE,"TCGA-DX-A6BG","DDLPS","dedifferentiated liposarcoma",51,"MALE","No","Retroperitoneum/Upper abdominal - Retroperitoneum","10.8","deep","R0","NO","NO","WITH TUMOR","Alive","0",1121,"YES","149","Relapse",149,"NA","Locoregional Recurrence","149","Distant Metastasis","Peritoneum","518","NA","NA",25,0.057,3.657,3.657,3.657,3.657,5,0,"no","<50 %","YES",2,2,"M1",1,2,"C2",4,3,0.437185876,"0.25","2.13","0","0.27","0.02",353,55,1121,0
"TCGA-DX-A7ES-01A-31R-A39D-07","TCGA-DX-A7ES","TCGA-DX-A7ES-01A","TP","Primary solid Tumor","TCGA-DX-A7ES-01A","Primary","394668df-aa2a-46cb-90d4-0f830ad91278","FB8CFADC-ABF9-4CEC-BFA6-7E54A84F7492","TCGA-DX-A7ES","Primary Tumor","Solid Tissue",92,"released",1120,"Tumor","OCT","No",0,"Retroperitoneum",18528,"Dedifferentiated liposarcoma","No Metastasis","no",2013,"No",TRUE,"8858/3","R0","primary","Multifocal","a55020f7-da19-53d5-a27b-95196d1488f0","C48.0","Retroperitoneum",NA,NA,NA,"",NA,NA,NA,NA,"",610,"TF-Tumor Free","white","female","not hispanic or latino","Alive",50,-18528,"81a88683-1ba2-5710-81ff-b45ad3e67c82",FALSE,"female","United States",NA,"TCGA-DX-A7ES-01A","Retroperitoneum and peritoneum; Colon; Other and unspecified male genital organs; Bones, joints and articular cartilage of limbs; Meninges; Stomach; Other and unspecified parts of tongue; Connective, subcutaneous and other soft tissues; Uterus, NOS; Kidney; Peripheral nerves and autonomic nervous system; Ovary; Corpus uteri","TCGA-SARC","Fibromatous Neoplasms; Myomatous Neoplasms; Nerve Sheath Tumors; Synovial-like Neoplasms; Soft Tissue Tumors and Sarcomas, NOS; Lipomatous Neoplasms","Sarcoma",TRUE,TRUE,"TCGA-DX-A7ES","DDLPS","dedifferentiated liposarcoma",50,"FEMALE","No","Retroperitoneum/Upper abdominal - Retroperitoneum","22","deep","R0","NO","NO","TUMOR FREE","Alive","0",610,"NO","NA","Non-Relapse",610,"Complete Response","NA","NA","NA","NA","NA","NA","NA",25,-0.034,3.657,3.657,3.657,3.657,1,1,"yes","<50 %","YES",2,2,"M1",1,2,"C1",4,3,0.483048209,"NA","NA","NA","NA","NA",177,53,610,0
"TCGA-DX-AB2S-01A-11R-A39D-07","TCGA-DX-AB2S","TCGA-DX-AB2S-01A","TP","Primary solid Tumor","TCGA-DX-AB2S-01A","Primary","f9ed88a0-0919-4190-916e-ba5fb7cea99a","39F03D40-22C5-4937-88F1-78D332067FE0","TCGA-DX-AB2S","Primary Tumor","Solid Tissue",3186,"released",840,"Tumor","OCT","No",0,"Connective, subcutaneous and other soft tissues of trunk, NOS",19708,"Fibromyxosarcoma","No Metastasis","no",2005,"No",TRUE,"8811/3","R0","primary","Unifocal","823ac0c9-2ad6-5695-bbd3-ecf463672c2d","C49.6","Connective, subcutaneous and other soft tissues of trunk, NOS",NA,NA,NA,"",NA,NA,NA,NA,"",280,"TF-Tumor Free","white","female","hispanic or latino","Alive",53,-19708,"45ce7ca5-087f-5be0-9384-439bf733c0d4",FALSE,"female","United States",NA,"TCGA-DX-AB2S-01A","Retroperitoneum and peritoneum; Colon; Other and unspecified male genital organs; Bones, joints and articular cartilage of limbs; Meninges; Stomach; Other and unspecified parts of tongue; Connective, subcutaneous and other soft tissues; Uterus, NOS; Kidney; Peripheral nerves and autonomic nervous system; Ovary; Corpus uteri","TCGA-SARC","Fibromatous Neoplasms; Myomatous Neoplasms; Nerve Sheath Tumors; Synovial-like Neoplasms; Soft Tissue Tumors and Sarcomas, NOS; Lipomatous Neoplasms","Sarcoma",TRUE,TRUE,"TCGA-DX-AB2S","DDLPS","dedifferentiated liposarcoma",53,"FEMALE","No","Superficial Trunk - Back","7.9","deep","R0","YES","NO","TUMOR FREE","Alive","0",280,"NO","NA","Non-Relapse",280,"Complete Response","NA","NA","NA","NA","NA","NA","NA",16,-0.016,-0.016,3.657,3.657,2.331,2,0,"no","<50 %","NO",1,2,"M1",1,2,"C4",4,3,0.794103913,"NA","NA","NA","NA","NA",119,47,280,0
"TCGA-DX-A1KY-01A-11R-A24X-07","TCGA-DX-A1KY","TCGA-DX-A1KY-01A","TP","Primary solid Tumor","TCGA-DX-A1KY-01A","Primary","96ef5730-651a-4a02-a879-fb5c6bbfff4b","EEBAA43A-A941-460B-8B99-BD1BE1DAC577","TCGA-DX-A1KY","Primary Tumor","Solid Tissue",511,"released",480,"Tumor","OCT","No",0,"Retroperitoneum",24281,"Dedifferentiated liposarcoma",NA,"no",2009,"No",TRUE,"8858/3","R1","primary","Unifocal","3e9458f2-6007-5c50-a7f6-ab7089a38edf","C48.0","Retroperitoneum",NA,NA,NA,"",NA,NA,NA,NA,"",391,NA,"white","male","not hispanic or latino","Dead",66,-24281,"84d28a59-272e-5539-97e1-aebfa473a73b",FALSE,"male","United States",391,"TCGA-DX-A1KY-01A","Retroperitoneum and peritoneum; Colon; Other and unspecified male genital organs; Bones, joints and articular cartilage of limbs; Meninges; Stomach; Other and unspecified parts of tongue; Connective, subcutaneous and other soft tissues; Uterus, NOS; Kidney; Peripheral nerves and autonomic nervous system; Ovary; Corpus uteri","TCGA-SARC","Fibromatous Neoplasms; Myomatous Neoplasms; Nerve Sheath Tumors; Synovial-like Neoplasms; Soft Tissue Tumors and Sarcomas, NOS; Lipomatous Neoplasms","Sarcoma",TRUE,TRUE,"TCGA-DX-A1KY","DDLPS","dedifferentiated liposarcoma",66,"MALE","No","Retroperitoneum/Upper abdominal - Retroperitoneum","39.5","deep","R1","NO","NO","WITH TUMOR","Dead","1",391,"YES","205","Relapse",205,"Progressive Disease","NA","NA","Distant Metastasis","NA","205","NA","NA",8,-0.034,-0.034,-0.016,2.948,2.546,1,0,"no","<50 %","NO",2,3,"M5",2,2,"C4",2,2,0.027675444,"0.95","2.39","1","0.96","0.09",623,98,391,1
"TCGA-3B-A9HL-01A-11R-A38C-07","TCGA-3B-A9HL","TCGA-3B-A9HL-01A","TP","Primary solid Tumor","TCGA-3B-A9HL-01A","Primary","4a0e20e2-81e5-4950-a4d1-2d28d2f1ae57","EEB13F15-22D6-48A8-89E9-56BCE4144E30","TCGA-3B-A9HL","Primary Tumor","Solid Tissue",937,"released",80,"Tumor","OCT","No",0,"Specified parts of peritoneum",24628,"Dedifferentiated liposarcoma","Metastasis, NOS","no",2011,"No",TRUE,"8858/3","R1","primary","Unifocal","342ff320-71fc-57fe-a158-2705087ab9c2","C48.1","Specified parts of peritoneum",NA,NA,NA,"",NA,NA,NA,NA,"Lung, NOS",599,"TF-Tumor Free","white","male","not hispanic or latino","Dead",67,-24628,"ecc43f2c-f4f4-56dc-aead-69e912451db1",FALSE,"male","United States",599,"TCGA-3B-A9HL-01A","Retroperitoneum and peritoneum; Colon; Other and unspecified male genital organs; Bones, joints and articular cartilage of limbs; Meninges; Stomach; Other and unspecified parts of tongue; Connective, subcutaneous and other soft tissues; Uterus, NOS; Kidney; Peripheral nerves and autonomic nervous system; Ovary; Corpus uteri","TCGA-SARC","Fibromatous Neoplasms; Myomatous Neoplasms; Nerve Sheath Tumors; Synovial-like Neoplasms; Soft Tissue Tumors and Sarcomas, NOS; Lipomatous Neoplasms","Sarcoma",TRUE,TRUE,"TCGA-3B-A9HL","DDLPS","dedifferentiated liposarcoma",67,"MALE","No","Retroperitoneum/Upper abdominal - Retroperitoneum","18","deep","R1","NO","YES","TUMOR FREE","Dead","0",599,"YES","229","Relapse",229,"NA","Locoregional Recurrence","229","Distant Metastasis","Lung","229","NA","NA",25,-0.189,3.657,3.657,3.657,3.657,7,1,"yes","<50 %","NO",2,2,"M1",1,2,"C5",4,2,0.182637297,"NA","NA","NA","NA","NA",654,86,599,1
"TCGA-DX-A23R-01A-11R-A26T-07","TCGA-DX-A23R","TCGA-DX-A23R-01A","TP","Primary solid Tumor","TCGA-DX-A23R-01A","Primary","05fc5924-07b1-422e-9d7c-7c0051f72368","32946D17-C931-4DBB-9E1B-17CF2AF222EE","TCGA-DX-A23R","Primary Tumor","Unknown",3053,"released",460,"Tumor","OCT","No",0,"Retroperitoneum",20442,"Dedifferentiated liposarcoma",NA,"no",2002,"No",TRUE,"8858/3","R1","primary","Unifocal","fce4a8ca-49cd-5e59-8d37-699161448cfb","C48.0","Retroperitoneum",NA,NA,NA,"",NA,NA,NA,NA,"",2271,"TF-Tumor Free","white","female","not hispanic or latino","Alive",55,-20442,"fe55b30d-a4ba-5114-9234-5df072b2fb2d",FALSE,"female","United States",NA,"TCGA-DX-A23R-01A","Retroperitoneum and peritoneum; Colon; Other and unspecified male genital organs; Bones, joints and articular cartilage of limbs; Meninges; Stomach; Other and unspecified parts of tongue; Connective, subcutaneous and other soft tissues; Uterus, NOS; Kidney; Peripheral nerves and autonomic nervous system; Ovary; Corpus uteri","TCGA-SARC","Fibromatous Neoplasms; Myomatous Neoplasms; Nerve Sheath Tumors; Synovial-like Neoplasms; Soft Tissue Tumors and Sarcomas, NOS; Lipomatous Neoplasms","Sarcoma",TRUE,TRUE,"TCGA-DX-A23R","DDLPS","dedifferentiated liposarcoma",55,"FEMALE","No","Retroperitoneum/Upper abdominal - Retroperitoneum","21","deep","R1","NO","NO","TUMOR FREE","Alive","0",2271,"NO","NA","Non-Relapse",2271,"Complete Response","NA","NA","NA","NA","NA","NA","NA",25,3.657,3.657,3.657,3.657,3.657,5,1,"yes","<50 %","NO",2,3,"M5",2,2,"C4",2,2,0.053580699,"0.97","1.97","0","0.97","0.61",477,46,2271,0
"TCGA-DX-A6BF-01A-11R-A30C-07","TCGA-DX-A6BF","TCGA-DX-A6BF-01A","TP","Primary solid Tumor","TCGA-DX-A6BF-01A","Primary","2ce19e06-b543-48fe-9089-7c6b34512f7e","A2BB4652-23E4-462B-958A-E1EBA00834C4","TCGA-DX-A6BF","Primary Tumor","Unknown",217,"released",1200,"Tumor","OCT",NA,947,"Not Reported",31018,"Dedifferentiated liposarcoma",NA,NA,NA,"Yes",FALSE,"8858/3",NA,"recurrence","Not Reported","5ca5bd35-041f-443e-a8d4-8a71e68ddd46",NA,"Not Reported",NA,NA,NA,"",NA,NA,NA,"TCGA-DX-A6BF_diagnosis","",972,"WT-With Tumor","white","female","not hispanic or latino","Alive",82,-30071,"077d5271-b49e-5928-8653-2109acf8b785",FALSE,"female","United States",NA,"TCGA-DX-A6BF-01A","Retroperitoneum and peritoneum; Colon; Other and unspecified male genital organs; Bones, joints and articular cartilage of limbs; Meninges; Stomach; Other and unspecified parts of tongue; Connective, subcutaneous and other soft tissues; Uterus, NOS; Kidney; Peripheral nerves and autonomic nervous system; Ovary; Corpus uteri","TCGA-SARC","Fibromatous Neoplasms; Myomatous Neoplasms; Nerve Sheath Tumors; Synovial-like Neoplasms; Soft Tissue Tumors and Sarcomas, NOS; Lipomatous Neoplasms","Sarcoma",TRUE,TRUE,"TCGA-DX-A6BF","DDLPS","dedifferentiated liposarcoma",82,"FEMALE","No","Retroperitoneum/Upper abdominal - Retroperitoneum","38.299999999999997","deep","R1","NO","NO","WITH TUMOR","Alive","0",972,"YES","947","Relapse",947,"NA","Locoregional Recurrence","947","NA","NA","NA","NA","NA",25,-0.343,3.657,3.657,3.657,3.657,12,1,"yes","<50 %","YES",3,3,"M1",1,2,"C3",1,3,0.296289534,"0.3","5.45","2","0.54","0.14000000000000001",432,127,972,0
"TCGA-DX-A2J4-01A-32R-A21T-07","TCGA-DX-A2J4","TCGA-DX-A2J4-01A","TP","Primary solid Tumor","TCGA-DX-A2J4-01A","Primary","46e59502-d5df-428b-beef-6ad1439b86c6","51103A9A-33A6-414F-8D17-6DA63DEF6BC3","TCGA-DX-A2J4","Primary Tumor","Solid Tissue",1182,"released",440,"Tumor","OCT","No",0,"Retroperitoneum",22131,"Dedifferentiated liposarcoma",NA,"no",2008,"No",TRUE,"8858/3","R0","primary","Not Reported","b971972a-2f60-588c-8116-c6d73a019824","C48.0","Retroperitoneum",NA,NA,NA,"",NA,NA,NA,NA,"",2408,"TF-Tumor Free","white","male","not hispanic or latino","Alive",60,-22131,"b9a79ed1-cebc-5647-9fde-9a047e6cfd32",FALSE,"male","United States",NA,"TCGA-DX-A2J4-01A","Retroperitoneum and peritoneum; Colon; Other and unspecified male genital organs; Bones, joints and articular cartilage of limbs; Meninges; Stomach; Other and unspecified parts of tongue; Connective, subcutaneous and other soft tissues; Uterus, NOS; Kidney; Peripheral nerves and autonomic nervous system; Ovary; Corpus uteri","TCGA-SARC","Fibromatous Neoplasms; Myomatous Neoplasms; Nerve Sheath Tumors; Synovial-like Neoplasms; Soft Tissue Tumors and Sarcomas, NOS; Lipomatous Neoplasms","Sarcoma",TRUE,TRUE,"TCGA-DX-A2J4","DDLPS","dedifferentiated liposarcoma",60,"MALE","No","Retroperitoneum/Upper abdominal - Intraabdominal","22","deep","R0","NO","NO","TUMOR FREE","Alive","0",2408,"NO","NA","Non-Relapse",2408,"NA","NA","NA","NA","NA","NA","NA","NA",25,-0.017,3.657,3.657,3.657,3.657,1,1,"yes","<50 %","NA",2,2,"M1",1,2,"C4",4,3,0.571234222,"0.35","2.04","0","0.35","0",179,53,2408,0
"TCGA-DX-A3M1-01A-11R-A22K-07","TCGA-DX-A3M1","TCGA-DX-A3M1-01A","TP","Primary solid Tumor","TCGA-DX-A3M1-01A","Primary","1afcdb32-ae26-4747-a131-54e83dd84a46","1AC22456-A8B4-4DED-9B69-66B8E77ED918","TCGA-DX-A3M1","Primary Tumor","Solid Tissue",379,"released",470,"Tumor","OCT","No",0,"Retroperitoneum",28932,"Dedifferentiated liposarcoma",NA,"no",2010,"No",TRUE,"8858/3","R2","primary","Multifocal","4a484750-8d9d-517d-b8a4-c5ebb85ab729","C48.0","Retroperitoneum",NA,NA,NA,"",NA,NA,NA,NA,"",1359,"WT-With Tumor","white","male","not hispanic or latino","Alive",79,-28932,"730f3186-dbee-5d1f-aa82-961f2f4c9cdb",FALSE,"male","United States",NA,"TCGA-DX-A3M1-01A","Retroperitoneum and peritoneum; Colon; Other and unspecified male genital organs; Bones, joints and articular cartilage of limbs; Meninges; Stomach; Other and unspecified parts of tongue; Connective, subcutaneous and other soft tissues; Uterus, NOS; Kidney; Peripheral nerves and autonomic nervous system; Ovary; Corpus uteri","TCGA-SARC","Fibromatous Neoplasms; Myomatous Neoplasms; Nerve Sheath Tumors; Synovial-like Neoplasms; Soft Tissue Tumors and Sarcomas, NOS; Lipomatous Neoplasms","Sarcoma",TRUE,TRUE,"TCGA-DX-A3M1","DDLPS","dedifferentiated liposarcoma",79,"MALE","No","Retroperitoneum/Upper abdominal - Retroperitoneum","17","deep","R2","NO","NO","WITH TUMOR","Alive","0",1359,"YES","1212","Relapse",1212,"Progressive Disease","Locoregional Recurrence","1212","NA","NA","NA","NA","NA",25,3.657,3.657,3.657,3.657,3.657,3,1,"yes","<50 %","YES",2,3,"M4",1,2,"C4",4,2,0.098334331,"0.8","3.68","1","0.88","0.15",1505,87,1359,0
"TCGA-3R-A8YX-01A-11R-A37L-07","TCGA-3R-A8YX","TCGA-3R-A8YX-01A","TP","Primary solid Tumor","TCGA-3R-A8YX-01A","Primary","5a51541c-b1f6-4e7e-aa59-e9c74e938138","D4FCD1DB-99F2-424F-95CC-F242F3B1B5DB","TCGA-3R-A8YX","Primary Tumor","Solid Tissue",57,"released",160,"Tumor","OCT","No",0,"Retroperitoneum",24412,"Dedifferentiated liposarcoma","Metastasis, NOS","no",2013,"No",TRUE,"8858/3","R2","primary","Multifocal","8f41cdb9-04c2-5cfc-80e6-3a1cf324f9ab","C48.0","Retroperitoneum",NA,NA,NA,"",NA,NA,NA,NA,"Lung, NOS; Liver",17,"WT-With Tumor","not reported","male","not reported","Dead",66,-24412,"8eba4203-5fef-57ae-9956-de96af4e2bde",FALSE,"male","United States",17,"TCGA-3R-A8YX-01A","Retroperitoneum and peritoneum; Colon; Other and unspecified male genital organs; Bones, joints and articular cartilage of limbs; Meninges; Stomach; Other and unspecified parts of tongue; Connective, subcutaneous and other soft tissues; Uterus, NOS; Kidney; Peripheral nerves and autonomic nervous system; Ovary; Corpus uteri","TCGA-SARC","Fibromatous Neoplasms; Myomatous Neoplasms; Nerve Sheath Tumors; Synovial-like Neoplasms; Soft Tissue Tumors and Sarcomas, NOS; Lipomatous Neoplasms","Sarcoma",TRUE,TRUE,"TCGA-3R-A8YX","DDLPS","dedifferentiated liposarcoma",66,"MALE","No","Retroperitoneum/Upper abdominal - Retroperitoneum","NA","deep","R2","NO","NO","WITH TUMOR","Dead","1",17,"NO","NA","Relapse",17,"NA","NA","NA","NA","NA","NA","NA","NA",25,-0.086,3.657,3.657,3.657,3.657,22,0,"no","<50 %","YES",3,6,"M1",1,2,"C2",5,5,0.169894503,"0.48","6.24","2","0.75","7.0000000000000007E-2",391,89,17,1
"TCGA-FX-A3NK-01A-11R-A21T-07","TCGA-FX-A3NK","TCGA-FX-A3NK-01A","TP","Primary solid Tumor","TCGA-FX-A3NK-01A","Primary","bf1a4471-c33b-49a8-b9a6-c9ae183a5c94","5749AEB5-0BED-43BC-8CDA-30441B0FFE00","TCGA-FX-A3NK","Primary Tumor","Solid Tissue",84,"released",30,"Tumor","Unknown","No",0,"Stomach, NOS",19533,"Dedifferentiated liposarcoma",NA,"yes",2011,"No",TRUE,"8858/3","R0","primary","Multifocal","6d71c55d-2cb9-529e-b993-8c62d7923d50","C16.9","Stomach, NOS",NA,NA,NA,"",NA,NA,NA,NA,"",505,"Unknown","white","male","not hispanic or latino","Alive",53,-19533,"fc29be13-7575-5800-8a34-588517829a0b",FALSE,"male","United States",NA,"TCGA-FX-A3NK-01A","Retroperitoneum and peritoneum; Colon; Other and unspecified male genital organs; Bones, joints and articular cartilage of limbs; Meninges; Stomach; Other and unspecified parts of tongue; Connective, subcutaneous and other soft tissues; Uterus, NOS; Kidney; Peripheral nerves and autonomic nervous system; Ovary; Corpus uteri","TCGA-SARC","Fibromatous Neoplasms; Myomatous Neoplasms; Nerve Sheath Tumors; Synovial-like Neoplasms; Soft Tissue Tumors and Sarcomas, NOS; Lipomatous Neoplasms","Sarcoma",TRUE,TRUE,"TCGA-FX-A3NK","DDLPS","dedifferentiated liposarcoma",53,"MALE","Yes","Retroperitoneum/Upper abdominal - Gastric","8.5","deep","R0","NO","NO","[Unknown]","Alive","0",505,"NO","NA","Non-Relapse",505,"NA","NA","NA","NA","NA","NA","NA","NA",19,-0.049,3.657,-0.003,3.657,3.657,1,0,"no","<50 %","YES",2,3,"M1",1,2,"NA",4,2,0.168593368,"0.67","2.0299999999999998","0","0.67","0.04",363,49,505,0
"TCGA-FX-A2QS-01A-11R-A21T-07","TCGA-FX-A2QS","TCGA-FX-A2QS-01A","TP","Primary solid Tumor","TCGA-FX-A2QS-01A","Primary","5402d273-3b02-4bf7-a0a4-625a59fed4cc","55148DBE-D662-4930-8B29-15905F0A459D","TCGA-FX-A2QS","Primary Tumor","Solid Tissue",86,"released",170,"Tumor","Unknown","No",0,"Retroperitoneum",22422,"Dedifferentiated liposarcoma","No Metastasis","no",2011,"No",TRUE,"8858/3","R0","primary","Unifocal","c508a268-7c1c-5497-a1ca-0cc22b453e0b","C48.0","Retroperitoneum",NA,NA,NA,"",NA,NA,NA,NA,"",1495,"TF-Tumor Free","white","female","not hispanic or latino","Alive",61,-22422,"0596284e-2768-55d5-9947-29dbe784dfb6",FALSE,"female","United States",NA,"TCGA-FX-A2QS-01A","Retroperitoneum and peritoneum; Colon; Other and unspecified male genital organs; Bones, joints and articular cartilage of limbs; Meninges; Stomach; Other and unspecified parts of tongue; Connective, subcutaneous and other soft tissues; Uterus, NOS; Kidney; Peripheral nerves and autonomic nervous system; Ovary; Corpus uteri","TCGA-SARC","Fibromatous Neoplasms; Myomatous Neoplasms; Nerve Sheath Tumors; Synovial-like Neoplasms; Soft Tissue Tumors and Sarcomas, NOS; Lipomatous Neoplasms","Sarcoma",TRUE,TRUE,"TCGA-FX-A2QS","DDLPS","dedifferentiated liposarcoma",61,"FEMALE","No","Retroperitoneum/Upper abdominal - Other (please specify","11.5","deep","R0","NO","NO","TUMOR FREE","Alive","0",1495,"NO","NA","Non-Relapse",1495,"NA","NA","NA","NA","NA","NA","NA","NA",25,3.657,3.657,3.657,3.657,3.657,30,1,"yes","<50 %","NO",3,3,"M5",2,2,"C5",2,2,0.067129828,"0.88","3.26","1","0.93","0.13",1041,93,1495,0
"TCGA-DX-AB37-01A-11R-A41I-07","TCGA-DX-AB37","TCGA-DX-AB37-01A","TP","Primary solid Tumor","TCGA-DX-AB37-01A","Primary","cc253802-8deb-46a1-af0f-1649c322dc00","8F7DB8E4-191C-4FB3-BEB3-B7AC0137EBC8","TCGA-DX-AB37","Primary Tumor","Solid Tissue",3875,"released",530,"Tumor","OCT",NA,-2310,"Lower limb, NOS",24386,"Liposarcoma, well differentiated",NA,NA,NA,NA,FALSE,"8851/3",NA,"Prior primary",NA,"942550d3-62d7-4495-9ec7-cd0b9433f4a7",NA,"Not Reported",NA,"Right",NA,"",NA,NA,NA,NA,"",2575,"Unknown","white","female","not hispanic or latino","Dead",73,-26696,"299efd4d-6071-5ca1-a54e-f9a4b2fa1498",FALSE,"female","United States",2575,"TCGA-DX-AB37-01A","Retroperitoneum and peritoneum; Colon; Other and unspecified male genital organs; Bones, joints and articular cartilage of limbs; Meninges; Stomach; Other and unspecified parts of tongue; Connective, subcutaneous and other soft tissues; Uterus, NOS; Kidney; Peripheral nerves and autonomic nervous system; Ovary; Corpus uteri","TCGA-SARC","Fibromatous Neoplasms; Myomatous Neoplasms; Nerve Sheath Tumors; Synovial-like Neoplasms; Soft Tissue Tumors and Sarcomas, NOS; Lipomatous Neoplasms","Sarcoma",TRUE,TRUE,"TCGA-DX-AB37","DDLPS","dedifferentiated liposarcoma",73,"FEMALE","Yes","Lower Extremity - Thigh/knee","17","deep","R0","NO","NO","[Unknown]","Dead","NA",2575,"NO","NA","Relapse",2575,"NA","NA","NA","NA","NA","NA","NA","NA",19,-0.009,-0.005,3.657,3.657,3.657,12,1,"yes","<50 %","NO",3,3,"M1",1,2,"C3",1,3,0.385340456,"0.56999999999999995","2.16","0","0.57999999999999996","0.06",376,91,2575,1
"TCGA-SG-A6Z7-01A-12R-A32Q-07","TCGA-SG-A6Z7","TCGA-SG-A6Z7-01A","TP","Primary solid Tumor","TCGA-SG-A6Z7-01A","Primary","1bd6b341-57ee-4a60-a69b-0822550ba6d1","617A0548-E893-45C5-BA59-4D9F44A67C08","TCGA-SG-A6Z7","Primary Tumor","Solid Tissue",3264,"released",140,"Tumor","OCT","No",0,"Retroperitoneum",16188,"Dedifferentiated liposarcoma","No Metastasis","no",2004,"No",TRUE,"8858/3","RX","primary","Unknown","39e74ca0-7fac-5392-9614-0d4dcf46402c","C48.0","Retroperitoneum",NA,NA,NA,"",NA,NA,NA,NA,"",118,"TF-Tumor Free","white","female","not hispanic or latino","Dead",44,-16188,"6c036cda-e8b7-551c-9f4e-6e83b366eaa2",FALSE,"female","United States",118,"TCGA-SG-A6Z7-01A","Retroperitoneum and peritoneum; Colon; Other and unspecified male genital organs; Bones, joints and articular cartilage of limbs; Meninges; Stomach; Other and unspecified parts of tongue; Connective, subcutaneous and other soft tissues; Uterus, NOS; Kidney; Peripheral nerves and autonomic nervous system; Ovary; Corpus uteri","TCGA-SARC","Fibromatous Neoplasms; Myomatous Neoplasms; Nerve Sheath Tumors; Synovial-like Neoplasms; Soft Tissue Tumors and Sarcomas, NOS; Lipomatous Neoplasms","Sarcoma",TRUE,TRUE,"TCGA-SG-A6Z7","DDLPS","dedifferentiated liposarcoma",44,"FEMALE","No","Retroperitoneum/Upper abdominal - Kidney|Retroperitoneum/Upper abdominal - Liver|Retroperitoneum/Upper abdominal - Other (please specify","30","deep","RX","NO","NO","TUMOR FREE","Dead","0",118,"NO","NA","Relapse",118,"NA","NA","NA","NA","NA","NA","NA","NA",19,3.486,3.657,3.657,3.657,-0.268,15,1,"yes","<50 %","[Unknown]",3,3,"M5",2,2,"C5",2,2,0.066362597,"0.93","3.65","1","0.96","0.27",598,74,118,1
"TCGA-DX-A1KZ-01A-11R-A24X-07","TCGA-DX-A1KZ","TCGA-DX-A1KZ-01A","TP","Primary solid Tumor","TCGA-DX-A1KZ-01A","Primary","61d4dff3-db42-43cf-a8c4-72cb4719d7be","8CA84186-49D2-4762-9658-45D2C303E7EB","TCGA-DX-A1KZ","Primary Tumor","Solid Tissue",451,"released",380,"Tumor","OCT","No",0,"Retroperitoneum",24362,"Dedifferentiated liposarcoma",NA,"no",2009,"No",TRUE,"8858/3","R1","primary","Unifocal","10fdce53-90e7-5740-b830-48b8bb88a2fd","C48.0","Retroperitoneum",NA,NA,NA,"",NA,NA,NA,NA,"",1372,"WT-With Tumor","white","male","not hispanic or latino","Alive",66,-24362,"41044ab6-743b-5c8e-879f-44a44e0b2724",FALSE,"male","United States",NA,"TCGA-DX-A1KZ-01A","Retroperitoneum and peritoneum; Colon; Other and unspecified male genital organs; Bones, joints and articular cartilage of limbs; Meninges; Stomach; Other and unspecified parts of tongue; Connective, subcutaneous and other soft tissues; Uterus, NOS; Kidney; Peripheral nerves and autonomic nervous system; Ovary; Corpus uteri","TCGA-SARC","Fibromatous Neoplasms; Myomatous Neoplasms; Nerve Sheath Tumors; Synovial-like Neoplasms; Soft Tissue Tumors and Sarcomas, NOS; Lipomatous Neoplasms","Sarcoma",TRUE,TRUE,"TCGA-DX-A1KZ","DDLPS","dedifferentiated liposarcoma",66,"MALE","No","Retroperitoneum/Upper abdominal - Retroperitoneum","30","deep","R1","NO","NO","WITH TUMOR","Alive","0",1372,"YES","1294","Relapse",1294,"NA","Locoregional Recurrence","1294","NA","NA","NA","NA","NA",15,3.657,3.657,1.738,3.657,0.002,1,0,"no","<50 %","NO",2,3,"M1",1,2,"C3",4,3,0.339665347,"0.49","4.07","1","0.66","0.11",658,41,1372,0
"TCGA-DX-AB2G-01A-11R-A39D-07","TCGA-DX-AB2G","TCGA-DX-AB2G-01A","TP","Primary solid Tumor","TCGA-DX-AB2G-01A","Primary","2ed5634e-041a-4346-b7ef-d1fd739e925e","B3219517-F945-4EF3-987B-832EDC79D848","TCGA-DX-AB2G","Primary Tumor","Solid Tissue",38,"released",610,"Tumor","OCT","No",0,"Retroperitoneum",13239,"Dedifferentiated liposarcoma","No Metastasis","no",2013,"No",TRUE,"8858/3","R0","primary","Multifocal","d9925da5-a9b1-52cc-b7f7-a27a811d7374","C48.0","Retroperitoneum",NA,NA,NA,"",NA,NA,NA,NA,"",478,"TF-Tumor Free","white","male","not hispanic or latino","Alive",36,-13239,"e61ebc2d-70c0-5cc5-ac20-af52f6edec64",FALSE,"male","United States",NA,"TCGA-DX-AB2G-01A","Retroperitoneum and peritoneum; Colon; Other and unspecified male genital organs; Bones, joints and articular cartilage of limbs; Meninges; Stomach; Other and unspecified parts of tongue; Connective, subcutaneous and other soft tissues; Uterus, NOS; Kidney; Peripheral nerves and autonomic nervous system; Ovary; Corpus uteri","TCGA-SARC","Fibromatous Neoplasms; Myomatous Neoplasms; Nerve Sheath Tumors; Synovial-like Neoplasms; Soft Tissue Tumors and Sarcomas, NOS; Lipomatous Neoplasms","Sarcoma",TRUE,TRUE,"TCGA-DX-AB2G","DDLPS","dedifferentiated liposarcoma",36,"MALE","No","Retroperitoneum/Upper abdominal - Retroperitoneum","36","deep","R0","NO","NO","TUMOR FREE","Alive","0",478,"NO","NA","Non-Relapse",478,"Complete Response","NA","NA","NA","NA","NA","NA","NA",25,0.161,3.657,3.657,3.657,3.657,2,1,"yes","<50 %","YES",2,2,"M1",1,2,"C3",1,3,0.24756068,"NA","NA","NA","NA","NA",295,70,478,0
"TCGA-DX-AB36-01A-11R-A41I-07","TCGA-DX-AB36","TCGA-DX-AB36-01A","TP","Primary solid Tumor","TCGA-DX-AB36-01A","Primary","4b4c7d94-6c3d-4157-a307-23819d167bfe","B59B3034-8B4B-4E52-8F68-E8CBE90F06F5","TCGA-DX-AB36","Primary Tumor","Solid Tissue",1921,"released",1500,"Tumor","OCT",NA,-3991,"Thorax, NOS",27713,"Liposarcoma, well differentiated",NA,NA,NA,NA,FALSE,"8851/3",NA,"Prior primary",NA,"0ae32853-9628-4418-afce-e62c551a20c8",NA,"Not Reported",NA,"Right",NA,"",NA,NA,NA,NA,"",1168,"Unknown","white","male","not hispanic or latino","Dead",86,-31704,"83a84663-1171-556e-a4cb-f77bb535ee0c",TRUE,"male","United States",1168,"TCGA-DX-AB36-01A","Retroperitoneum and peritoneum; Colon; Other and unspecified male genital organs; Bones, joints and articular cartilage of limbs; Meninges; Stomach; Other and unspecified parts of tongue; Connective, subcutaneous and other soft tissues; Uterus, NOS; Kidney; Peripheral nerves and autonomic nervous system; Ovary; Corpus uteri","TCGA-SARC","Fibromatous Neoplasms; Myomatous Neoplasms; Nerve Sheath Tumors; Synovial-like Neoplasms; Soft Tissue Tumors and Sarcomas, NOS; Lipomatous Neoplasms","Sarcoma",TRUE,TRUE,"TCGA-DX-AB36","DDLPS","dedifferentiated liposarcoma",86,"MALE","Yes","Chest - Chest wall","8.1","deep","R1","NO","NO","[Unknown]","Dead","NA",1825,"NO","NA","Relapse",1825,"NA","NA","NA","NA","NA","NA","NA","NA",25,-0.009,3.657,3.657,3.657,3.657,11,0,"no","<50 %","NO",2,2,"M1",1,2,"C2",5,3,0.102806277,"0.99","2.04","0","0.99","0.08",339,39,1825,1
"TCGA-DX-A1L1-01A-11R-A24X-07","TCGA-DX-A1L1","TCGA-DX-A1L1-01A","TP","Primary solid Tumor","TCGA-DX-A1L1-01A","Primary","023378d5-5729-407a-9633-9f4dee67c869","874C9B81-0181-47D4-95CF-CDB09A6AE5F2","TCGA-DX-A1L1","Primary Tumor","Solid Tissue",1070,"released",300,"Tumor","OCT",NA,573,"Liver",22791,"Dedifferentiated liposarcoma",NA,NA,NA,"Yes",FALSE,"8858/3",NA,"metastasis","Not Reported","384e4733-2b29-4d2d-b80a-665eaf595aab",NA,"Not Reported",NA,NA,NA,"",NA,NA,NA,"TCGA-DX-A1L1_diagnosis","",1649,"WT-With Tumor","white","male","not hispanic or latino","Dead",60,-22218,"f8012e37-31fc-583a-a61b-76d15697212f",FALSE,"male","United States",1649,"TCGA-DX-A1L1-01A","Retroperitoneum and peritoneum; Colon; Other and unspecified male genital organs; Bones, joints and articular cartilage of limbs; Meninges; Stomach; Other and unspecified parts of tongue; Connective, subcutaneous and other soft tissues; Uterus, NOS; Kidney; Peripheral nerves and autonomic nervous system; Ovary; Corpus uteri","TCGA-SARC","Fibromatous Neoplasms; Myomatous Neoplasms; Nerve Sheath Tumors; Synovial-like Neoplasms; Soft Tissue Tumors and Sarcomas, NOS; Lipomatous Neoplasms","Sarcoma",TRUE,TRUE,"TCGA-DX-A1L1","DDLPS","dedifferentiated liposarcoma",60,"MALE","No","Retroperitoneum/Upper abdominal - Retroperitoneum","8.5","deep","R0","NO","NO","WITH TUMOR","Dead","1",1649,"NO","NA","Relapse",1649,"Progressive Disease","Locoregional Recurrence","349","Distant Metastasis","Liver","573","NA","NA",13,-0.328,-0.18,-0.18,3.657,3.657,5,1,"yes","<50 %","YES",2,6,"M1",1,2,"C3",4,3,0.464510751,"0.53","2.2799999999999998","1","0.56000000000000005","0.31",143,87,1649,1
"TCGA-DX-AB2H-01A-11R-A39D-07","TCGA-DX-AB2H","TCGA-DX-AB2H-01A","TP","Primary solid Tumor","TCGA-DX-AB2H-01A","Primary","d2332896-4f5c-4ae0-ac72-b7cbb49a835c","0DFD5500-72EB-46FA-9741-0AFA5D2E61C0","TCGA-DX-AB2H","Primary Tumor","Solid Tissue",85,"released",490,"Tumor","OCT",NA,-7573,"Retroperitoneum",21996,"Liposarcoma, well differentiated",NA,NA,NA,NA,FALSE,"8851/3",NA,"Prior primary",NA,"59a99285-719c-49cb-9142-78bad9ba4a3b",NA,"Not Reported",NA,NA,NA,"",NA,NA,NA,NA,"",482,"TF-Tumor Free","white","female","not hispanic or latino","Alive",80,-29569,"1bb57ffe-5489-525f-96ec-287d2cc28a75",FALSE,"female","United States",NA,"TCGA-DX-AB2H-01A","Retroperitoneum and peritoneum; Colon; Other and unspecified male genital organs; Bones, joints and articular cartilage of limbs; Meninges; Stomach; Other and unspecified parts of tongue; Connective, subcutaneous and other soft tissues; Uterus, NOS; Kidney; Peripheral nerves and autonomic nervous system; Ovary; Corpus uteri","TCGA-SARC","Fibromatous Neoplasms; Myomatous Neoplasms; Nerve Sheath Tumors; Synovial-like Neoplasms; Soft Tissue Tumors and Sarcomas, NOS; Lipomatous Neoplasms","Sarcoma",TRUE,TRUE,"TCGA-DX-AB2H","DDLPS","dedifferentiated liposarcoma",80,"FEMALE","Yes","Retroperitoneum/Upper abdominal - Retroperitoneum","15.1","deep","R0","NO","NO","TUMOR FREE","Alive","0",482,"NO","NA","Non-Relapse",482,"Complete Response","NA","NA","NA","NA","NA","NA","NA",25,3.657,3.657,3.657,3.657,3.657,12,1,"yes","<50 %","YES",3,2,"M5",2,2,"C3",2,2,0.028125533,"0.99","1.91","0","0.99","0.16",406,82,482,0
"TCGA-DX-A2IZ-01A-11R-A21T-07","TCGA-DX-A2IZ","TCGA-DX-A2IZ-01A","TP","Primary solid Tumor","TCGA-DX-A2IZ-01A","Primary","b68f7194-1f05-4009-8ed2-58c5ebbcaba8","55C7285D-2A4F-45F6-BD7F-87FEBB5CC039","TCGA-DX-A2IZ","Primary Tumor","Solid Tissue",1633,"released",200,"Tumor","OCT","No",0,"Retroperitoneum",22245,"Dedifferentiated liposarcoma",NA,"no",2007,"No",TRUE,"8858/3","R0","primary","Unifocal","75db1753-9862-5578-88dd-41ab38309b5c","C48.0","Retroperitoneum",NA,NA,NA,"",NA,NA,NA,NA,"",261,"TF-Tumor Free","white","male","not hispanic or latino","Alive",60,-22245,"22b12669-9ef3-59cd-8048-3f10a7efabee",FALSE,"male","United States",NA,"TCGA-DX-A2IZ-01A","Retroperitoneum and peritoneum; Colon; Other and unspecified male genital organs; Bones, joints and articular cartilage of limbs; Meninges; Stomach; Other and unspecified parts of tongue; Connective, subcutaneous and other soft tissues; Uterus, NOS; Kidney; Peripheral nerves and autonomic nervous system; Ovary; Corpus uteri","TCGA-SARC","Fibromatous Neoplasms; Myomatous Neoplasms; Nerve Sheath Tumors; Synovial-like Neoplasms; Soft Tissue Tumors and Sarcomas, NOS; Lipomatous Neoplasms","Sarcoma",TRUE,TRUE,"TCGA-DX-A2IZ","DDLPS","dedifferentiated liposarcoma",60,"MALE","No","Retroperitoneum/Upper abdominal - Retroperitoneum","29","deep","R0","NO","NO","TUMOR FREE","Alive","0",261,"NO","NA","Non-Relapse",261,"Complete Response","NA","NA","NA","NA","NA","NA","NA",25,3.657,3.657,3.657,3.657,3.657,2,2,"yes",">50 %","NO",3,2,"M5",2,2,"C4",2,2,0.055554853,"0.94","1.99","0","0.94","0",417,52,261,0
"TCGA-DX-A1L0-01A-11R-A24X-07","TCGA-DX-A1L0","TCGA-DX-A1L0-01A","TP","Primary solid Tumor","TCGA-DX-A1L0-01A","Primary","87e0c11a-cf75-4877-b4c8-23aa36631b4f","A53F7252-401B-4C74-A318-2C31A4CF5927","TCGA-DX-A1L0","Primary Tumor","Solid Tissue",1127,"released",360,"Tumor","OCT","No",0,"Retroperitoneum",21434,"Dedifferentiated liposarcoma",NA,"no",2008,"No",TRUE,"8858/3","R1","primary","Unifocal","51c53194-f4e4-5a13-b5e7-fffbb66421d2","C48.0","Retroperitoneum",NA,NA,NA,"",NA,NA,NA,NA,"",564,NA,"white","male","not hispanic or latino","Dead",58,-21434,"4276cd84-5591-55da-b264-274f747e4a1b",FALSE,"male","United States",564,"TCGA-DX-A1L0-01A","Retroperitoneum and peritoneum; Colon; Other and unspecified male genital organs; Bones, joints and articular cartilage of limbs; Meninges; Stomach; Other and unspecified parts of tongue; Connective, subcutaneous and other soft tissues; Uterus, NOS; Kidney; Peripheral nerves and autonomic nervous system; Ovary; Corpus uteri","TCGA-SARC","Fibromatous Neoplasms; Myomatous Neoplasms; Nerve Sheath Tumors; Synovial-like Neoplasms; Soft Tissue Tumors and Sarcomas, NOS; Lipomatous Neoplasms","Sarcoma",TRUE,TRUE,"TCGA-DX-A1L0","DDLPS","dedifferentiated liposarcoma",58,"MALE","No","Retroperitoneum/Upper abdominal - Retroperitoneum","27","deep","R1","NO","NO","WITH TUMOR","Dead","1",564,"NO","NA","Relapse",564,"Progressive Disease","Locoregional Recurrence","103","NA","NA","NA","NA","NA",25,0.434,3.657,3.657,3.657,3.657,6,1,"yes","<50 %","NO",2,3,"M5",1,2,"C5",4,2,0.088691337,"0.81","2.88","1","0.86","0.21",948,103,564,1
"TCGA-PC-A5DN-01A-12R-A27Q-07","TCGA-PC-A5DN","TCGA-PC-A5DN-01A","TP","Primary solid Tumor","TCGA-PC-A5DN-01A","Primary","784414b9-1f18-4c31-a062-6e5048482e78","9CCFF5D2-9AE9-429C-9386-7259364AC7DE","TCGA-PC-A5DN","Primary Tumor","Solid Tissue",2631,"released",510,"Tumor","OCT","No",0,"Retroperitoneum",28421,"Leiomyosarcoma, NOS",NA,"no",2005,"No",TRUE,"8890/3","R1","primary","Unifocal","6e10ab37-afb9-57e8-ac4f-8722df29b8a2","C48.0","Retroperitoneum",NA,NA,NA,"",NA,NA,NA,NA,"",1175,"TF-Tumor Free","white","female","not hispanic or latino","Dead",77,-28421,"670dc1bf-ba22-5c5d-96e8-013ed5165378",FALSE,"female","United States",1175,"TCGA-PC-A5DN-01A","Retroperitoneum and peritoneum; Colon; Other and unspecified male genital organs; Bones, joints and articular cartilage of limbs; Meninges; Stomach; Other and unspecified parts of tongue; Connective, subcutaneous and other soft tissues; Uterus, NOS; Kidney; Peripheral nerves and autonomic nervous system; Ovary; Corpus uteri","TCGA-SARC","Fibromatous Neoplasms; Myomatous Neoplasms; Nerve Sheath Tumors; Synovial-like Neoplasms; Soft Tissue Tumors and Sarcomas, NOS; Lipomatous Neoplasms","Sarcoma",TRUE,TRUE,"TCGA-PC-A5DN","DDLPS","dedifferentiated liposarcoma",77,"FEMALE","No","Retroperitoneum/Upper abdominal - Retroperitoneum","20","deep","R1","NO","NO","TUMOR FREE","Dead","0",1175,"NO","NA","Relapse",1175,"NA","NA","NA","NA","NA","NA","[Unknown]","NA",25,3.657,3.657,3.657,3.657,3.657,3,0,"no","<50 %","NO",2,2,"M5",2,2,"C1",4,2,0.27002485,"0.61","2.06","0","0.61","0.03",240,63,1175,1
"TCGA-DX-A3LT-01A-12R-A21T-07","TCGA-DX-A3LT","TCGA-DX-A3LT-01A","TP","Primary solid Tumor","TCGA-DX-A3LT-01A","Primary","32f8354a-7d2f-467b-afed-e7f91369615f","777C388E-7BDD-4E05-A531-A5AF510D6076","TCGA-DX-A3LT","Primary Tumor","Solid Tissue",281,"released",450,"Tumor","OCT","No",0,"Connective, subcutaneous and other soft tissues of upper limb and shoulder",22837,"Dedifferentiated liposarcoma",NA,"no",2011,"No",TRUE,"8858/3","R0","primary","Unifocal","21228cc8-b77c-5c59-be81-4552115ece51","C49.1","Connective, subcutaneous and other soft tissues of upper limb and shoulder",NA,NA,NA,"",NA,NA,NA,NA,"",1492,"WT-With Tumor","white","male","not hispanic or latino","Alive",62,-22837,"31b0b063-227b-573f-b661-4f38cfaf30d0",FALSE,"male","United States",NA,"TCGA-DX-A3LT-01A","Retroperitoneum and peritoneum; Colon; Other and unspecified male genital organs; Bones, joints and articular cartilage of limbs; Meninges; Stomach; Other and unspecified parts of tongue; Connective, subcutaneous and other soft tissues; Uterus, NOS; Kidney; Peripheral nerves and autonomic nervous system; Ovary; Corpus uteri","TCGA-SARC","Fibromatous Neoplasms; Myomatous Neoplasms; Nerve Sheath Tumors; Synovial-like Neoplasms; Soft Tissue Tumors and Sarcomas, NOS; Lipomatous Neoplasms","Sarcoma",TRUE,TRUE,"TCGA-DX-A3LT","DDLPS","dedifferentiated liposarcoma",62,"MALE","No","Upper Extremity - Upper arm/elbow","20","unk","R0","YES","NO","WITH TUMOR","Alive","0",1492,"YES","568","Relapse",568,"NA","Locoregional Recurrence","568","NA","NA","NA","NA","NA",25,0.012,3.657,3.657,3.657,3.657,2,0,"no","<50 %","NO",2,3,"M4",1,2,"C3",1,3,0.321057192,"0.77","1.79","0","0.75","0.48",437,40,1492,0
"TCGA-DX-AB35-01A-21R-A41I-07","TCGA-DX-AB35","TCGA-DX-AB35-01A","TP","Primary solid Tumor","TCGA-DX-AB35-01A","Primary","e7ea9645-a60b-4b94-8746-31a7377687c4","8B242410-FD42-47A7-99E6-0E8F62807A51","TCGA-DX-AB35","Primary Tumor","Solid Tissue",466,"released",510,"Tumor","OCT",NA,-5058,"Retroperitoneum",18968,"Liposarcoma, well differentiated",NA,NA,NA,NA,FALSE,"8851/3",NA,"Prior primary",NA,"2df027a2-6901-47b8-858b-8203d258fe3e",NA,"Not Reported",NA,NA,NA,"",NA,NA,NA,NA,"",928,"WT-With Tumor","white","male","not hispanic or latino","Alive",65,-24026,"728604e4-3295-5323-954f-bc9d3303ec6d",FALSE,"male","United States",NA,"TCGA-DX-AB35-01A","Retroperitoneum and peritoneum; Colon; Other and unspecified male genital organs; Bones, joints and articular cartilage of limbs; Meninges; Stomach; Other and unspecified parts of tongue; Connective, subcutaneous and other soft tissues; Uterus, NOS; Kidney; Peripheral nerves and autonomic nervous system; Ovary; Corpus uteri","TCGA-SARC","Fibromatous Neoplasms; Myomatous Neoplasms; Nerve Sheath Tumors; Synovial-like Neoplasms; Soft Tissue Tumors and Sarcomas, NOS; Lipomatous Neoplasms","Sarcoma",TRUE,TRUE,"TCGA-DX-AB35","DDLPS","dedifferentiated liposarcoma",65,"MALE","Yes","Retroperitoneum/Upper abdominal - Retroperitoneum","18.5","deep","R0","NO","NO","WITH TUMOR","Alive","0",928,"YES","284","Relapse",284,"Progressive Disease","Locoregional Recurrence","284","NA","NA","NA","NA","NA",23,-0.193,3.615,3.226,3.657,3.657,6,1,"yes","<50 %","YES",2,3,"M1",1,2,"C4",4,3,0.052872429,"0.85","3.36","1","0.9","0.51",159,69,928,0
"TCGA-DX-A1KW-01A-22R-A24X-07","TCGA-DX-A1KW","TCGA-DX-A1KW-01A","TP","Primary solid Tumor","TCGA-DX-A1KW-01A","Primary","4c93c0a4-73c4-48ef-91e0-40b2143833bc","70A91A22-B1CD-4EA1-966B-DB28A652720C","TCGA-DX-A1KW","Primary Tumor","Solid Tissue",573,"released",460,"Tumor","OCT","No",0,"Retroperitoneum",24647,"Dedifferentiated liposarcoma",NA,"no",2009,"No",TRUE,"8858/3","R1","primary","Unifocal","5ea56bf5-3226-5859-b0ab-49b2e92a7ad0","C48.0","Retroperitoneum",NA,NA,NA,"",NA,NA,NA,NA,"",995,"Unknown","white","male","not hispanic or latino","Dead",67,-24647,"80674644-8bbc-5276-ac2f-b88522253fc8",FALSE,"male","United States",995,"TCGA-DX-A1KW-01A","Retroperitoneum and peritoneum; Colon; Other and unspecified male genital organs; Bones, joints and articular cartilage of limbs; Meninges; Stomach; Other and unspecified parts of tongue; Connective, subcutaneous and other soft tissues; Uterus, NOS; Kidney; Peripheral nerves and autonomic nervous system; Ovary; Corpus uteri","TCGA-SARC","Fibromatous Neoplasms; Myomatous Neoplasms; Nerve Sheath Tumors; Synovial-like Neoplasms; Soft Tissue Tumors and Sarcomas, NOS; Lipomatous Neoplasms","Sarcoma",TRUE,TRUE,"TCGA-DX-A1KW","DDLPS","dedifferentiated liposarcoma",67,"MALE","No","Retroperitoneum/Upper abdominal - Retroperitoneum","24.5","deep","R1","NO","NO","[Unknown]","Dead","NA",995,"NO","NA","Relapse",995,"Complete Response","NA","NA","NA","NA","NA","NA","NA",25,-0.666,3.657,3.657,3.657,3.657,1,1,"yes","<50 %","NO",2,6,"M5",1,2,"C4",4,2,0.098407784,"0.83","3.3","1","0.89","0.21",463,56,995,1
"TCGA-HB-A3YV-01A-11R-A24X-07","TCGA-HB-A3YV","TCGA-HB-A3YV-01A","TP","Primary solid Tumor","TCGA-HB-A3YV-01A","Primary","3db6e052-b7c8-4938-870d-e9f68c622a8c","4A29D95A-86DA-4A05-90F6-00B45D2D08D1","TCGA-HB-A3YV","Primary Tumor","Solid Tissue",86,"released",690,"Tumor","Unknown","No",0,"Kidney, NOS",27583,"Giant cell sarcoma","No Metastasis","no",2012,"No",TRUE,"8802/3","R1","primary","Unifocal","62e027dc-ec7e-5131-802e-105ae24ac2a9","C64.9","Kidney, NOS",NA,NA,NA,"",NA,NA,NA,NA,"Adrenal gland, NOS",139,"WT-With Tumor","white","male","not hispanic or latino","Dead",75,-27583,"cfd6b2a4-5038-5196-8678-80b074f4ed91",FALSE,"male","United States",139,"TCGA-HB-A3YV-01A","Retroperitoneum and peritoneum; Colon; Other and unspecified male genital organs; Bones, joints and articular cartilage of limbs; Meninges; Stomach; Other and unspecified parts of tongue; Connective, subcutaneous and other soft tissues; Uterus, NOS; Kidney; Peripheral nerves and autonomic nervous system; Ovary; Corpus uteri","TCGA-SARC","Fibromatous Neoplasms; Myomatous Neoplasms; Nerve Sheath Tumors; Synovial-like Neoplasms; Soft Tissue Tumors and Sarcomas, NOS; Lipomatous Neoplasms","Sarcoma",TRUE,TRUE,"TCGA-HB-A3YV","DDLPS","dedifferentiated liposarcoma",75,"MALE","No","Retroperitoneum/Upper abdominal - Kidney","14","deep","R1","YES","NO","WITH TUMOR","Dead","1",139,"NO","NA","Relapse",139,"NA","NA","NA","NA","NA","NA","NA","NA",20,0.278,3.657,0.268,3.657,3.657,21,1,"yes","<50 %","NO",3,3,"M1",2,2,"C4",2,2,0.040703819,"0.88","3.5","1","0.93","0.14000000000000001",634,69,139,1
"TCGA-DX-A23V-01A-11R-A29R-07","TCGA-DX-A23V","TCGA-DX-A23V-01A","TP","Primary solid Tumor","TCGA-DX-A23V-01A","Primary","05ecd44b-5e88-47fd-9b4b-566ac6160acf","BA4B87C2-DF4C-43C9-8F52-4630D758FEA4","TCGA-DX-A23V","Primary Tumor","Solid Tissue",2736,"released",160,"Tumor","OCT","No",0,"Retroperitoneum",21155,"Dedifferentiated liposarcoma",NA,"no",2003,"No",TRUE,"8858/3","R1","primary","Multifocal","cb878d7d-9fb1-504d-b69c-a275e2c50e7e","C48.0","Retroperitoneum",NA,NA,NA,"",NA,NA,NA,NA,"",2034,"WT-With Tumor","white","female","not hispanic or latino","Dead",57,-21155,"690ceecc-c274-5640-b22b-231d7bf5eb1b",FALSE,"female","United States",2034,"TCGA-DX-A23V-01A","Retroperitoneum and peritoneum; Colon; Other and unspecified male genital organs; Bones, joints and articular cartilage of limbs; Meninges; Stomach; Other and unspecified parts of tongue; Connective, subcutaneous and other soft tissues; Uterus, NOS; Kidney; Peripheral nerves and autonomic nervous system; Ovary; Corpus uteri","TCGA-SARC","Fibromatous Neoplasms; Myomatous Neoplasms; Nerve Sheath Tumors; Synovial-like Neoplasms; Soft Tissue Tumors and Sarcomas, NOS; Lipomatous Neoplasms","Sarcoma",TRUE,TRUE,"TCGA-DX-A23V","DDLPS","dedifferentiated liposarcoma",57,"FEMALE","No","Retroperitoneum/Upper abdominal - Retroperitoneum","13","deep","R1","NO","NO","WITH TUMOR","Dead","1",2034,"NO","NA","Relapse",2034,"Progressive Disease","Locoregional Recurrence","378","NA","NA","NA","NA","NA",25,-0.008,3.657,3.657,3.657,3.657,3,0,"no","<50 %","YES",2,2,"M1",1,2,"C5",4,3,0.422456736,"0.44","2.0299999999999998","0","0.44","0.01",184,22,2034,1
"TCGA-DX-A2J1-01A-11R-A21T-07","TCGA-DX-A2J1","TCGA-DX-A2J1-01A","TP","Primary solid Tumor","TCGA-DX-A2J1-01A","Primary","fa121456-0d94-472e-9ffa-25f1aaac4e00","62A5DB57-875E-4825-972F-D952D985857C","TCGA-DX-A2J1","Primary Tumor","Solid Tissue",1493,"released",200,"Tumor","OCT","No",0,"Retroperitoneum",19707,"Dedifferentiated liposarcoma",NA,"no",2007,"No",TRUE,"8858/3","R1","primary","Unifocal","4104b31f-3653-5520-8420-bdbb74b7d85a","C48.0","Retroperitoneum",NA,NA,NA,"",NA,NA,NA,NA,"",2901,"TF-Tumor Free","white","male","not hispanic or latino","Alive",53,-19707,"8c95d33e-fb67-514f-aca4-93b7e47f1eb9",FALSE,"male","United States",NA,"TCGA-DX-A2J1-01A","Retroperitoneum and peritoneum; Colon; Other and unspecified male genital organs; Bones, joints and articular cartilage of limbs; Meninges; Stomach; Other and unspecified parts of tongue; Connective, subcutaneous and other soft tissues; Uterus, NOS; Kidney; Peripheral nerves and autonomic nervous system; Ovary; Corpus uteri","TCGA-SARC","Fibromatous Neoplasms; Myomatous Neoplasms; Nerve Sheath Tumors; Synovial-like Neoplasms; Soft Tissue Tumors and Sarcomas, NOS; Lipomatous Neoplasms","Sarcoma",TRUE,TRUE,"TCGA-DX-A2J1","DDLPS","dedifferentiated liposarcoma",53,"MALE","No","Retroperitoneum/Upper abdominal - Retroperitoneum","31","deep","R1","NO","NO","TUMOR FREE","Alive","0",2901,"NO","NA","Non-Relapse",2901,"NA","NA","NA","NA","NA","NA","NA","NA",25,0.001,3.657,3.657,3.657,3.657,1,0,"no","<50 %","NO",2,2,"M1",1,2,"C3",1,3,0.589387758,"0.71","2.0499999999999998","0","0.71","0.01",168,57,2901,0
"TCGA-DX-A7EI-01A-11R-A33J-07","TCGA-DX-A7EI","TCGA-DX-A7EI-01A","TP","Primary solid Tumor","TCGA-DX-A7EI-01A","Primary","80690d38-0d5c-4f52-8aad-110769f818c3","3450A6D6-C088-443C-B703-9FFB63E4A361","TCGA-DX-A7EI","Primary Tumor","Solid Tissue",3865,"released",410,"Tumor","OCT",NA,828,"Retroperitoneum",29438,"Dedifferentiated liposarcoma",NA,NA,NA,"Yes",FALSE,"8858/3",NA,"recurrence","Unifocal","19acb1a6-cf4b-4caf-8d11-7de7c7403749",NA,"Not Reported",NA,NA,NA,"c(""2025-01-08T13:19:40.545926-06:00"", ""2025-01-08T13:19:40.545926-06:00"", ""2025-01-08T13:19:40.545926-06:00""); c(""257ec7c3-9999-4254-b81a-f364adf288d8"", ""51abfa2d-5d17-4d1b-ad91-790815a1eb2b"", ""a55f1676-cb21-4700-b250-e5e6f4d56329""); c(""TCGA-DX-A7EI_treatment3"", ""TCGA-DX-A7EI_treatment"", ""TCGA-DX-A7EI_treatment2""); c(""Surgery, NOS"", ""Pharmaceutical Therapy, NOS"", ""Radiation Therapy, NOS""); c(""released"", ""released"", ""released""); c(""no"", ""yes"", ""no""); c(""2025-01-06T17:02:07.416598-06:00"", ""2025-01-06T17:02:07.416598-06:00"", ""2025-01-06T17:02:07.416598-06:00""); c(""Recurrent Disease"", ""Recurrent Disease"", ""Recurrent Disease"")",NA,NA,NA,"TCGA-DX-A7EI_diagnosis","",1049,"WT-With Tumor","white","female","not reported","Dead",78,-28610,"f018b684-a818-5ee0-b4fd-3385805277f4",FALSE,"female","United States",1049,"TCGA-DX-A7EI-01A","Retroperitoneum and peritoneum; Colon; Other and unspecified male genital organs; Bones, joints and articular cartilage of limbs; Meninges; Stomach; Other and unspecified parts of tongue; Connective, subcutaneous and other soft tissues; Uterus, NOS; Kidney; Peripheral nerves and autonomic nervous system; Ovary; Corpus uteri","TCGA-SARC","Fibromatous Neoplasms; Myomatous Neoplasms; Nerve Sheath Tumors; Synovial-like Neoplasms; Soft Tissue Tumors and Sarcomas, NOS; Lipomatous Neoplasms","Sarcoma",TRUE,TRUE,"TCGA-DX-A7EI","DDLPS","dedifferentiated liposarcoma",78,"FEMALE","No","Retroperitoneum/Upper abdominal - Retroperitoneum","6","deep","R1","NO","YES","WITH TUMOR","Dead","1",1049,"YES","828","Relapse",828,"NA","Locoregional Recurrence","828","NA","NA","NA","NA","NA",25,3.657,3.657,3.657,3.657,3.657,3,0,"no","<50 %","YES",2,3,"M5",2,2,"C2",2,2,0.062584442,"0.89","3.14","1","0.93","0.28000000000000003",453,56,1049,1
"TCGA-DX-A3LW-01A-21R-A21T-07","TCGA-DX-A3LW","TCGA-DX-A3LW-01A","TP","Primary solid Tumor","TCGA-DX-A3LW-01A","Primary","e25b5088-a3d4-4f3c-8335-308c571f6a30","5B02C3F3-67DC-4694-A25E-39786BD38432","TCGA-DX-A3LW","Primary Tumor","Solid Tissue",2841,"released",540,"Tumor","OCT",NA,1125,"Retroperitoneum",17094,"Dedifferentiated liposarcoma",NA,NA,NA,"Yes",FALSE,"8858/3",NA,"recurrence","Unifocal","217aa511-af5e-42fa-8c95-dbbdacb1d8a1",NA,"Not Reported",NA,NA,NA,"c(""R0"", NA, NA); c(3234, NA, NA); c(""2025-01-08T13:19:40.545926-06:00"", ""2025-01-08T13:19:40.545926-06:00"", ""2025-01-08T13:19:40.545926-06:00""); c(""32b3bd4c-f501-48bf-925b-bbe832088c4c"", ""50379004-3ec8-4f2f-9b20-d929ca7cfb01"", ""8cd05f10-c067-4eec-90bf-d1124356138c""); c(""TCGA-DX-A3LW_treatment3"", ""TCGA-DX-A3LW_treatment2"", ""TCGA-DX-A3LW_treatment""); c(""Surgery, NOS"", ""Radiation Therapy, NOS"", ""Pharmaceutical Therapy, NOS""); c(""released"", ""released"", ""released""); c(""yes"", ""no"", ""no""); c(""2025-01-06T16:32:40.379026-06:00"", ""2025-01-06T16:32:40.379026-06:00"", ""2025-01-06T16:32:40.379026-06:00""); c(""Recurrent Disease"", ""Recurrent Disease"", ""Recurrent Disease"")",NA,NA,NA,"TCGA-DX-A3LW_diagnosis","",4150,"WT-With Tumor","white","male","not hispanic or latino","Alive",43,-15969,"1d2fec99-e4cd-5768-8a31-5a6c67bd6781",FALSE,"male","United States",NA,"TCGA-DX-A3LW-01A","Retroperitoneum and peritoneum; Colon; Other and unspecified male genital organs; Bones, joints and articular cartilage of limbs; Meninges; Stomach; Other and unspecified parts of tongue; Connective, subcutaneous and other soft tissues; Uterus, NOS; Kidney; Peripheral nerves and autonomic nervous system; Ovary; Corpus uteri","TCGA-SARC","Fibromatous Neoplasms; Myomatous Neoplasms; Nerve Sheath Tumors; Synovial-like Neoplasms; Soft Tissue Tumors and Sarcomas, NOS; Lipomatous Neoplasms","Sarcoma",TRUE,TRUE,"TCGA-DX-A3LW","DDLPS","dedifferentiated liposarcoma",43,"MALE","No","Retroperitoneum/Upper abdominal - Retroperitoneum","17","deep","R1","NO","NO","WITH TUMOR","Alive","0",4150,"YES","1125","Relapse",1125,"NA","Locoregional Recurrence","1125","NA","NA","NA","NA","NA",19,0.122,3.657,3.657,3.657,0.099,4,1,"yes","<50 %","NO",2,2,"M1",1,2,"C4",4,2,0.065996477,"0.9","1.99","0","0.9","0.1",336,50,4150,0
"TCGA-DX-A3U5-01A-11R-A22K-07","TCGA-DX-A3U5","TCGA-DX-A3U5-01A","TP","Primary solid Tumor","TCGA-DX-A3U5-01A","Primary","fb5c61d6-717e-4798-8306-86eb196d5609","BC2CF943-A01D-4BDC-BD11-0AB89A4ED898","TCGA-DX-A3U5","Primary Tumor","Solid Tissue",109,"released",770,"Tumor","OCT","No",0,"Retroperitoneum",19088,"Dedifferentiated liposarcoma",NA,"no",2011,"No",TRUE,"8858/3","R1","primary","Unifocal","a8e926ee-77e5-5cb9-a1e1-434697627dfe","C48.0","Retroperitoneum",NA,NA,NA,"",NA,NA,NA,NA,"",969,"TF-Tumor Free","white","male","not hispanic or latino","Alive",52,-19088,"f3c2add6-e421-595a-a2cc-4d553cccfb8e",FALSE,"male","United States",NA,"TCGA-DX-A3U5-01A","Retroperitoneum and peritoneum; Colon; Other and unspecified male genital organs; Bones, joints and articular cartilage of limbs; Meninges; Stomach; Other and unspecified parts of tongue; Connective, subcutaneous and other soft tissues; Uterus, NOS; Kidney; Peripheral nerves and autonomic nervous system; Ovary; Corpus uteri","TCGA-SARC","Fibromatous Neoplasms; Myomatous Neoplasms; Nerve Sheath Tumors; Synovial-like Neoplasms; Soft Tissue Tumors and Sarcomas, NOS; Lipomatous Neoplasms","Sarcoma",TRUE,TRUE,"TCGA-DX-A3U5","DDLPS","dedifferentiated liposarcoma",52,"MALE","No","Retroperitoneum/Upper abdominal - Retroperitoneum","10.6","deep","R1","NO","NO","TUMOR FREE","Alive","0",969,"NO","NA","Non-Relapse",969,"Complete Response","NA","NA","NA","NA","NA","NA","NA",25,-0.036,3.657,3.657,3.657,3.657,7,1,"yes","<50 %","NO",2,3,"M1",1,2,"C4",4,3,0.359960129,"0.62","2.0299999999999998","0","0.63","0.02",477,43,969,0
"TCGA-DX-A1L3-01A-11R-A24X-07","TCGA-DX-A1L3","TCGA-DX-A1L3-01A","TP","Primary solid Tumor","TCGA-DX-A1L3-01A","Primary","19a45767-abf7-4d53-b096-b59847fc47a8","2E82135A-E73A-4A74-8A01-B610AE65FC37","TCGA-DX-A1L3","Primary Tumor","Solid Tissue",654,"released",350,"Tumor","OCT",NA,515,"Not Reported",22755,"Dedifferentiated liposarcoma",NA,NA,NA,"Yes",FALSE,"8858/3",NA,"metastasis","Not Reported","4fa678a1-89f0-403f-8a9d-e6be2420d062",NA,"Not Reported",NA,NA,NA,"",NA,NA,NA,"TCGA-DX-A1L3_diagnosis","",1020,"WT-With Tumor","white","female","not hispanic or latino","Dead",60,-22240,"e110a544-fe8a-5017-b3c4-4d9aec00f1df",FALSE,"female","United States",1020,"TCGA-DX-A1L3-01A","Retroperitoneum and peritoneum; Colon; Other and unspecified male genital organs; Bones, joints and articular cartilage of limbs; Meninges; Stomach; Other and unspecified parts of tongue; Connective, subcutaneous and other soft tissues; Uterus, NOS; Kidney; Peripheral nerves and autonomic nervous system; Ovary; Corpus uteri","TCGA-SARC","Fibromatous Neoplasms; Myomatous Neoplasms; Nerve Sheath Tumors; Synovial-like Neoplasms; Soft Tissue Tumors and Sarcomas, NOS; Lipomatous Neoplasms","Sarcoma",TRUE,TRUE,"TCGA-DX-A1L3","DDLPS","dedifferentiated liposarcoma",60,"FEMALE","No","Retroperitoneum/Upper abdominal - Retroperitoneum","20","deep","R1","NO","NO","WITH TUMOR","Dead","1",1020,"YES","437","Relapse",437,"Progressive Disease","Locoregional Recurrence","437","Distant Metastasis","NA","515","NA","NA",19,-0.018,3.657,-0.021,3.657,3.657,7,1,"yes","<50 %","NO",2,2,"M1",1,2,"C5",4,3,0.378329238,"0.61","2.0499999999999998","0","0.61","0",168,67,1020,1
"TCGA-DX-AB3A-01A-11R-A41I-07","TCGA-DX-AB3A","TCGA-DX-AB3A-01A","TP","Primary solid Tumor","TCGA-DX-AB3A-01A","Primary","f1e4a88f-57b5-4e29-bfb2-d6fc8fdbe209","EA8AD237-05FE-469D-BBCF-A8BD12CB8701","TCGA-DX-AB3A","Primary Tumor","Solid Tissue",1710,"released",1080,"Tumor","OCT",NA,785,"Not Reported",30015,"Dedifferentiated liposarcoma",NA,NA,NA,"Yes",FALSE,"8858/3",NA,"recurrence","Multifocal","324f8f50-f581-489e-b91e-34c1d382ee3d",NA,"Not Reported",NA,NA,NA,"c(""2025-01-08T13:19:40.545926-06:00"", ""2025-01-08T13:19:40.545926-06:00"", ""2025-01-08T13:19:40.545926-06:00""); c(""245376f0-bca2-4cea-9992-d7af697ea53e"", ""765cb927-dbcd-4279-938e-59156ab3f069"", ""cd923602-b16b-4f1d-b574-c8b07f97a8a9""); c(""TCGA-DX-AB3A_treatment7"", ""TCGA-DX-AB3A_treatment8"", ""TCGA-DX-AB3A_treatment9""); c(""Pharmaceutical Therapy, NOS"", ""Radiation Therapy, NOS"", ""Surgery, NOS""); c(""released"", ""released"", ""released""); c(""yes"", ""no"", ""no""); c(""2025-01-06T17:00:31.460375-06:00"", ""2025-01-06T17:00:31.460375-06:00"", ""2025-01-06T17:00:31.460375-06:00""); c(""Recurrent Disease"", ""Recurrent Disease"", ""Recurrent Disease"")",NA,NA,NA,"TCGA-DX-AB3A_diagnosis","",978,"WT-With Tumor","white","male","not hispanic or latino","Dead",80,-29230,"72b7e72a-3e54-536b-8cc2-9998bce67b6a",FALSE,"male","United States",978,"TCGA-DX-AB3A-01A","Retroperitoneum and peritoneum; Colon; Other and unspecified male genital organs; Bones, joints and articular cartilage of limbs; Meninges; Stomach; Other and unspecified parts of tongue; Connective, subcutaneous and other soft tissues; Uterus, NOS; Kidney; Peripheral nerves and autonomic nervous system; Ovary; Corpus uteri","TCGA-SARC","Fibromatous Neoplasms; Myomatous Neoplasms; Nerve Sheath Tumors; Synovial-like Neoplasms; Soft Tissue Tumors and Sarcomas, NOS; Lipomatous Neoplasms","Sarcoma",TRUE,TRUE,"TCGA-DX-AB3A","DDLPS","dedifferentiated liposarcoma",80,"MALE","Yes","Retroperitoneum/Upper abdominal - Retroperitoneum","1.2","deep","R0","NO","NO","WITH TUMOR","Dead","1",978,"YES","533","Relapse",533,"NA","Locoregional Recurrence","533","Distant Metastasis","Lung","785","NA","NA",25,0.055,3.657,3.657,3.657,3.657,23,1,"yes","<50 %","NO",3,3,"M1",1,2,"C4",4,2,0.05893163,"0.87","2.0699999999999998","0","0.88","0.13",545,61,978,1
"TCGA-DX-A3LU-01A-11R-A21T-07","TCGA-DX-A3LU","TCGA-DX-A3LU-01A","TP","Primary solid Tumor","TCGA-DX-A3LU-01A","Primary","39bbaa83-8143-4e62-836e-1584b41b073b","C007DDB8-5522-458D-A8A2-CBFB99F26012","TCGA-DX-A3LU","Primary Tumor","Solid Tissue",1675,"released",370,"Tumor","OCT",NA,290,"Retroperitoneum",22205,"Dedifferentiated liposarcoma",NA,NA,NA,"Yes",FALSE,"8858/3",NA,"recurrence","Multifocal","0d2d44d8-f95f-472b-aafe-3c5d47dcf3d6",NA,"Not Reported",NA,NA,NA,"c(""R0"", NA, NA); c(497, NA, NA); c(""2025-01-08T13:19:40.545926-06:00"", ""2025-01-08T13:19:40.545926-06:00"", ""2025-01-08T13:19:40.545926-06:00""); c(""764afd3f-b768-4d3d-9c74-e37aba0404fb"", ""b58ac1e7-96e4-4b0f-b82e-89fb96f27009"", ""db643e8b-e953-44ef-84de-bf4e43266704""); c(""TCGA-DX-A3LU_treatment5"", ""TCGA-DX-A3LU_treatment3"", ""TCGA-DX-A3LU_treatment4""); c(""Surgery, NOS"", ""Pharmaceutical Therapy, NOS"", ""Radiation Therapy, NOS""); c(""released"", ""released"", ""released""); c(""yes"", ""yes"", ""no""); c(""2025-01-06T17:00:00.375126-06:00"", ""2025-01-06T17:00:00.375126-06:00"", ""2025-01-06T17:00:00.375126-06:00""); c(""Recurrent Disease"", ""Recurrent Disease"", ""Recurrent Disease"")",NA,NA,NA,"TCGA-DX-A3LU_diagnosis","",2641,"TF-Tumor Free","white","male","not hispanic or latino","Alive",60,-21915,"a5e31993-2702-5dea-856e-8705fc733a4d",FALSE,"male","United States",NA,"TCGA-DX-A3LU-01A","Retroperitoneum and peritoneum; Colon; Other and unspecified male genital organs; Bones, joints and articular cartilage of limbs; Meninges; Stomach; Other and unspecified parts of tongue; Connective, subcutaneous and other soft tissues; Uterus, NOS; Kidney; Peripheral nerves and autonomic nervous system; Ovary; Corpus uteri","TCGA-SARC","Fibromatous Neoplasms; Myomatous Neoplasms; Nerve Sheath Tumors; Synovial-like Neoplasms; Soft Tissue Tumors and Sarcomas, NOS; Lipomatous Neoplasms","Sarcoma",TRUE,TRUE,"TCGA-DX-A3LU","DDLPS","dedifferentiated liposarcoma",60,"MALE","No","Retroperitoneum/Upper abdominal - Retroperitoneum","19","deep","R1","YES","NO","TUMOR FREE","Alive","0",2641,"YES","290","Relapse",290,"Complete Response","Locoregional Recurrence","290","NA","NA","NA","NA","NA",19,-0.063,3.657,0.012,3.657,3.657,1,0,"no","<50 %","NO",2,2,"M1",1,2,"C3",1,3,0.443005207,"0.42","2.09","0","0.44","0.04",246,49,2641,0
"TCGA-DX-A48N-01A-11R-A30C-07","TCGA-DX-A48N","TCGA-DX-A48N-01A","TP","Primary solid Tumor","TCGA-DX-A48N-01A","Primary","5e76fe5b-24dc-4605-a5dc-5e06dd8620e4","80BF27B0-6CB2-4D79-8147-25DB218565C5","TCGA-DX-A48N","Primary Tumor","Unknown",171,"released",250,"Tumor","OCT","No",0,"Retroperitoneum",17364,"Dedifferentiated liposarcoma",NA,"no",2012,"No",TRUE,"8858/3","R1","primary","Multifocal","d8f96383-7b47-5745-a665-e0a9c8039ec3","C48.0","Retroperitoneum",NA,NA,NA,"",NA,NA,NA,NA,"",1073,"TF-Tumor Free","white","male","not hispanic or latino","Alive",47,-17364,"fa8e700a-fcc4-5f41-92bb-b5b8aa56fed6",FALSE,"male","United States",NA,"TCGA-DX-A48N-01A","Retroperitoneum and peritoneum; Colon; Other and unspecified male genital organs; Bones, joints and articular cartilage of limbs; Meninges; Stomach; Other and unspecified parts of tongue; Connective, subcutaneous and other soft tissues; Uterus, NOS; Kidney; Peripheral nerves and autonomic nervous system; Ovary; Corpus uteri","TCGA-SARC","Fibromatous Neoplasms; Myomatous Neoplasms; Nerve Sheath Tumors; Synovial-like Neoplasms; Soft Tissue Tumors and Sarcomas, NOS; Lipomatous Neoplasms","Sarcoma",TRUE,TRUE,"TCGA-DX-A48N","DDLPS","dedifferentiated liposarcoma",47,"MALE","No","Retroperitoneum/Upper abdominal - Retroperitoneum","13","deep","R1","NO","NO","TUMOR FREE","Alive","0",1073,"NO","NA","Non-Relapse",1073,"NA","NA","NA","NA","NA","NA","NA","NA",19,-0.045,3.657,-0.032,3.657,3.657,2,0,"no","<50 %","YES",2,3,"M1",2,2,"C4",2,2,0.057938787,"0.82","4.1900000000000004","1","0.9","0.12",360,101,1073,0
"TCGA-DX-AB2F-01A-11R-A38C-07","TCGA-DX-AB2F","TCGA-DX-AB2F-01A","TP","Primary solid Tumor","TCGA-DX-AB2F-01A","Primary","2fc10297-1618-4eb0-9a66-630e40ea677f","B863DB4E-A800-4674-AFBD-9B62BFAAD674","TCGA-DX-AB2F","Primary Tumor","Solid Tissue",64,"released",1360,"Tumor","OCT","No",0,"Retroperitoneum",27840,"Dedifferentiated liposarcoma","No Metastasis","no",2013,"No",TRUE,"8858/3","R0","primary","Unifocal","e26de56a-5a5e-5573-99d4-dd650e20a6a7","C48.0","Retroperitoneum",NA,NA,NA,"",NA,NA,NA,NA,"",365,"TF-Tumor Free","white","female","not hispanic or latino","Alive",76,-27840,"2fc1581d-f787-5cf2-a5c4-8edcef7254f7",FALSE,"female","United States",NA,"TCGA-DX-AB2F-01A","Retroperitoneum and peritoneum; Colon; Other and unspecified male genital organs; Bones, joints and articular cartilage of limbs; Meninges; Stomach; Other and unspecified parts of tongue; Connective, subcutaneous and other soft tissues; Uterus, NOS; Kidney; Peripheral nerves and autonomic nervous system; Ovary; Corpus uteri","TCGA-SARC","Fibromatous Neoplasms; Myomatous Neoplasms; Nerve Sheath Tumors; Synovial-like Neoplasms; Soft Tissue Tumors and Sarcomas, NOS; Lipomatous Neoplasms","Sarcoma",TRUE,TRUE,"TCGA-DX-AB2F","DDLPS","dedifferentiated liposarcoma",76,"FEMALE","No","Retroperitoneum/Upper abdominal - Retroperitoneum","27","deep","R0","NO","NO","TUMOR FREE","Alive","0",365,"NO","NA","Non-Relapse",365,"Complete Response","NA","NA","NA","NA","NA","NA","NA",20,-0.478,3.657,1.519,3.657,3.657,4,1,"yes","<50 %","NO",2,3,"M1",1,2,"C4",4,2,0.132330084,"0.81","1.99","0","0.81","0.27",510,78,365,0
"TCGA-WK-A8XO-01A-11R-A37L-07","TCGA-WK-A8XO","TCGA-WK-A8XO-01A","TP","Primary solid Tumor","TCGA-WK-A8XO-01A","Primary","eaf6c1e3-0365-4f55-ba58-7353a6703116","1AE1A944-8D73-405E-9670-5ADC3F8906E8","TCGA-WK-A8XO","Primary Tumor","Solid Tissue",1290,"released",50,"Tumor","Unknown",NA,105,"Peritoneum, NOS",24306,"Dedifferentiated liposarcoma",NA,NA,NA,"Yes",FALSE,"8858/3",NA,"recurrence","Not Reported","58347358-57e4-45c5-aba9-82eca15b2554",NA,"Not Reported",NA,NA,NA,"",NA,NA,NA,"TCGA-WK-A8XO_diagnosis","",363,"WT-With Tumor","white","female","not hispanic or latino","Dead",66,-24201,"a422d984-a4b6-56bf-b7fe-1abeb6a251b4",FALSE,"female","United States",363,"TCGA-WK-A8XO-01A","Retroperitoneum and peritoneum; Colon; Other and unspecified male genital organs; Bones, joints and articular cartilage of limbs; Meninges; Stomach; Other and unspecified parts of tongue; Connective, subcutaneous and other soft tissues; Uterus, NOS; Kidney; Peripheral nerves and autonomic nervous system; Ovary; Corpus uteri","TCGA-SARC","Fibromatous Neoplasms; Myomatous Neoplasms; Nerve Sheath Tumors; Synovial-like Neoplasms; Soft Tissue Tumors and Sarcomas, NOS; Lipomatous Neoplasms","Sarcoma",TRUE,TRUE,"TCGA-WK-A8XO","DDLPS","dedifferentiated liposarcoma",66,"FEMALE","No","Retroperitoneum/Upper abdominal - Retroperitoneum|Retroperitoneum/Upper abdominal - Small Intestines|Retroperitoneum/Upper abdominal - Other (please specify","5","deep","R0","NO","NO","WITH TUMOR","Dead","1",363,"NO","NA","Relapse",363,"NA","Locoregional Recurrence","105","NA","NA","NA","NA","NA",19,-0.009,3.657,0.017,3.657,3.657,40,0,"no","<50 %","YES",3,2,"M1",1,2,"NA",1,3,0.29165922,"0.61","1.92","0","0.61","0.09",242,46,363,1
"TCGA-DX-A1KU-01A-32R-A24X-07","TCGA-DX-A1KU","TCGA-DX-A1KU-01A","TP","Primary solid Tumor","TCGA-DX-A1KU-01A","Primary","b09e1197-d6cd-4a76-8e2f-3b8af97d2390","F7CDE64F-1352-4F0E-9077-E096EFC1116A","TCGA-DX-A1KU","Primary Tumor","Solid Tissue",122,"released",200,"Tumor","OCT",NA,94,"Abdomen, NOS",30148,"Dedifferentiated liposarcoma",NA,NA,NA,"Yes",FALSE,"8858/3",NA,"metastasis","Not Reported","60f98845-a1f1-42df-8eb7-840f02d17170",NA,"Not Reported",NA,NA,NA,"",NA,NA,NA,"TCGA-DX-A1KU_diagnosis","",427,"WT-With Tumor","white","male","not hispanic or latino","Dead",82,-30054,"1eb3e995-e01b-5838-bf20-a4f072f17906",FALSE,"male","United States",427,"TCGA-DX-A1KU-01A","Retroperitoneum and peritoneum; Colon; Other and unspecified male genital organs; Bones, joints and articular cartilage of limbs; Meninges; Stomach; Other and unspecified parts of tongue; Connective, subcutaneous and other soft tissues; Uterus, NOS; Kidney; Peripheral nerves and autonomic nervous system; Ovary; Corpus uteri","TCGA-SARC","Fibromatous Neoplasms; Myomatous Neoplasms; Nerve Sheath Tumors; Synovial-like Neoplasms; Soft Tissue Tumors and Sarcomas, NOS; Lipomatous Neoplasms","Sarcoma",TRUE,TRUE,"TCGA-DX-A1KU","DDLPS","dedifferentiated liposarcoma",82,"MALE","No","Retroperitoneum/Upper abdominal - Retroperitoneum","33","deep","R2","NO","NO","WITH TUMOR","Dead","1",427,"YES","94","Relapse",94,"Progressive Disease","NA","NA","Distant Metastasis","Abdomen","94","NA","NA",25,3.657,3.657,3.657,3.657,3.657,2,1,"yes","<50 %","YES",2,3,"M1",1,2,"C3",4,3,0.493090878,"0.45","3.24","1","0.56999999999999995","0.33",532,73,427,1
"TCGA-DX-A23T-01A-11R-A26T-07","TCGA-DX-A23T","TCGA-DX-A23T-01A","TP","Primary solid Tumor","TCGA-DX-A23T-01A","Primary","4c79e31c-c2de-4e26-8361-a39952de71a3","033D9B12-ACB9-47A6-A420-29B88259C17A","TCGA-DX-A23T","Primary Tumor","Unknown",1605,"released",200,"Tumor","OCT","No",0,"Retroperitoneum",14892,"Dedifferentiated liposarcoma",NA,"no",2006,"No",TRUE,"8858/3","R1","primary","Unifocal","5069c9e2-e48e-5c01-9d0b-c336ec5cd18f","C48.0","Retroperitoneum",NA,NA,NA,"",NA,NA,NA,NA,"",160,"WT-With Tumor","white","female","not hispanic or latino","Dead",40,-14892,"02a39299-2163-568a-814c-fb8b40dbfb6f",FALSE,"female","United States",160,"TCGA-DX-A23T-01A","Retroperitoneum and peritoneum; Colon; Other and unspecified male genital organs; Bones, joints and articular cartilage of limbs; Meninges; Stomach; Other and unspecified parts of tongue; Connective, subcutaneous and other soft tissues; Uterus, NOS; Kidney; Peripheral nerves and autonomic nervous system; Ovary; Corpus uteri","TCGA-SARC","Fibromatous Neoplasms; Myomatous Neoplasms; Nerve Sheath Tumors; Synovial-like Neoplasms; Soft Tissue Tumors and Sarcomas, NOS; Lipomatous Neoplasms","Sarcoma",TRUE,TRUE,"TCGA-DX-A23T","DDLPS","dedifferentiated liposarcoma",40,"FEMALE","No","Retroperitoneum/Upper abdominal - Retroperitoneum","30","deep","R1","NO","NO","WITH TUMOR","Dead","1",160,"YES","104","Relapse",104,"Progressive Disease","Locoregional Recurrence","104","NA","NA","NA","NA","NA",25,-0.018,3.657,3.657,3.657,3.657,7,1,"yes","<50 %","NO",2,2,"M1",1,2,"C3",4,3,0.645141824,"NA","NA","NA","NA","NA",438,14,160,1
