"Sample","LipidScore","T_cell_exhaustion","Cytotoxic","IFN_gamma","MDSC","Treg"
"TCGA.3B.A9HO.01A.11R.A38C.07",-0.660082885060271,0.882767615912549,0.820533523803609,0.879289463060153,0.682730385597978,0.473454691562975
"TCGA.DX.A6BE.01A.41R.A32Q.07",-0.86708065607409,0.793764168814633,0.708735753548027,0.710164280612403,0.473023479818315,0.750357120675734
"TCGA.3B.A9HS.01A.11R.A39D.07",0.258743137375456,0.773037722135907,0.679575168473029,0.595924609070831,0.54453349870376,0.756428441045991
"TCGA.DX.A2J0.01A.11R.A21T.07",0.0976617551365148,-0.384394759820584,-0.672246203534052,-0.212294610390649,-0.738374700947809,0.130689943045023
"TCGA.DX.A23Y.01A.11R.A27Q.07",1.14629776366222,0.872736871525729,0.807919101138534,0.900251544983075,0.328565062593485,0.721093438588298
"TCGA.DX.A6BH.01A.12R.A30C.07",-0.545533935414734,-0.104813053800385,-0.524228988433593,0.450122201615605,-0.65238183963729,0.161232221601143
"TCGA.DX.A3LY.01B.11R.A27Q.07",0.0528173299937347,-0.00600470339857201,0.524067168253899,-0.775472811403373,0.77541767592075,-0.138990588123034
"TCGA.DX.A3LS.01A.11R.A21T.07",0.553289096760032,0.509704667556908,0.528213409521443,0.487841992484705,0.140168055740553,0.57645487857897
"TCGA.DX.A240.01A.32R.A27Q.07",-0.537603961420199,-0.858327381137232,-0.798490282589026,-0.578195365978824,-0.557738469928887,-0.802124091671325
"TCGA.DX.A3U6.01A.11R.A29R.07",-0.529185446296375,0.876028694761032,0.918046023415422,0.872767926461911,0.168425020201196,0.842276877212595
"TCGA.DX.A1L4.01A.12R.A26T.07",-0.316467417046991,0.368145160827962,0.240676663450392,-0.531532553931765,0.602076120860098,0.764733248348345
"TCGA.DX.A6BG.01A.11R.A30C.07",-0.194262645250526,0.704487567111515,0.737213130027018,0.85609142573212,-0.0745567495806648,0.646792124712751
"TCGA.DX.A7ES.01A.31R.A39D.07",-0.420776356667668,0.577528648178628,0.835936772149933,0.516823001135672,0.213716074182921,0.358269672691137
"TCGA.DX.AB2S.01A.11R.A39D.07",-0.464579120667172,0.91152448681718,0.892580975746095,0.830657432998975,0.481216396961576,0.85072355754301
"TCGA.DX.A1KY.01A.11R.A24X.07",0.12041042533195,-0.8490109002826,-0.925312878482035,-0.73326915313189,-0.685143779889448,-0.824451897397677
"TCGA.3B.A9HL.01A.11R.A38C.07",1.05153917981539,-0.808964669528139,-0.479596805722953,-0.799944101114872,-0.238041638762848,-0.283476925131904
"TCGA.DX.A23R.01A.11R.A26T.07",0.573548579745478,-0.45574659291747,-0.725519522616828,-0.188151172069882,-0.594450089523264,-0.679335817019104
"TCGA.DX.A6BF.01A.11R.A30C.07",-0.586657626942972,0.522109266336493,0.839942858917425,0.511167554617479,0.726975091404513,0.635736910750885
"TCGA.DX.A2J4.01A.32R.A21T.07",-0.743765480863116,0.63609825781808,0.618614328747555,0.496142097932895,0.589772471607528,0.0557161078453507
"TCGA.DX.A3M1.01A.11R.A22K.07",-0.222644513275282,-0.48025482624492,-0.0233533120089439,0.307921542488554,-0.372746813204792,-0.449491201618946
"TCGA.3R.A8YX.01A.11R.A37L.07",1.04779554718572,-0.171052703507263,-0.725909133256731,-0.301542102932915,-0.5560213651326,-0.513135830072666
"TCGA.FX.A3NK.01A.11R.A21T.07",-0.122270066548294,-0.610801521395423,-0.678748910884964,-0.667028974255458,-0.497809429652456,0.121203651947084
"TCGA.FX.A2QS.01A.11R.A21T.07",0.142025848563409,0.229172333100078,-0.57252385649352,0.428039500716277,-0.156176867591051,-0.116431147159638
"TCGA.DX.AB37.01A.11R.A41I.07",-0.381208344745572,0.622775690195957,0.735287723983727,0.442191236297009,0.748462828395752,0.621048382088069
"TCGA.SG.A6Z7.01A.12R.A32Q.07",0.382338080687939,-0.502445393538965,-0.786303578035303,-0.819523708099089,-0.727811937146761,-0.0401384764278057
"TCGA.DX.A1KZ.01A.11R.A24X.07",0.12693507636368,0.0118199808320764,0.361365108482901,-0.612725501258308,0.769237935531955,-0.204126380042836
"TCGA.DX.AB2G.01A.11R.A39D.07",-0.438280449476189,0.383989062634454,0.212498533393965,0.604329058103786,0.600645922613502,-0.388688156314914
"TCGA.DX.AB36.01A.11R.A41I.07",0.311763198285694,-0.585540821713611,-0.765697543719869,-0.310343462415174,-0.556485103416725,-0.640730789352421
"TCGA.DX.A1L1.01A.11R.A24X.07",0.520817406588345,0.74062917300705,0.592357616515552,0.839973913853607,-0.0751739826906412,0.700919197565369
"TCGA.DX.AB2H.01A.11R.A39D.07",0.484240841968305,-0.872022607993541,-0.495980260847641,-0.807863109841309,-0.819110614247562,-0.851163561592436
"TCGA.DX.A2IZ.01A.11R.A21T.07",0.240006893711092,-0.824725940188193,-0.789571752430049,-0.678561093786639,-0.796332870597291,-0.797177143681165
"TCGA.DX.A1L0.01A.11R.A24X.07",0.832044743114853,-0.799447222135959,-0.467659037938454,-0.194782397924281,0.0279547257914821,-0.0655750362392354
"TCGA.PC.A5DN.01A.12R.A27Q.07",-0.227602449669615,-0.486890545944258,-0.703560494762975,-0.881649638209993,-0.746158939884413,-0.805473210888418
"TCGA.DX.A3LT.01A.12R.A21T.07",-0.43514956108858,0.375057270354528,0.513934290712652,0.535428841368898,0.605191305377548,-0.44657488002296
"TCGA.DX.AB35.01A.21R.A41I.07",0.767505364784622,-0.486630849973603,-0.263365366886261,-0.570075463494923,0.52245860237481,-0.677972426166017
"TCGA.DX.A1KW.01A.22R.A24X.07",1.32310185297257,-0.723611067979255,-0.7680574600216,-0.674043807165545,0.138789871854215,-0.681966889584288
"TCGA.HB.A3YV.01A.11R.A24X.07",0.175973061538334,-0.501357604924673,-0.726343902363281,-0.726984082762151,-0.836143740227454,-0.493751830947674
"TCGA.DX.A23V.01A.11R.A29R.07",-0.251951342493207,0.322113532231285,-0.0873885904164467,0.281872455689586,0.554717098316875,0.499911521678437
"TCGA.DX.A2J1.01A.11R.A21T.07",-0.861036254366267,0.818421788143225,0.7882674451104,0.215001677355305,0.507247683648401,0.607147586562685
"TCGA.DX.A7EI.01A.11R.A33J.07",-0.521130653242645,-0.703128050647059,-0.810139574970113,-0.689249869859047,-0.31362709248478,-0.676563036735155
"TCGA.DX.A3LW.01A.21R.A21T.07",0.353572392095888,-0.799260892518866,-0.691498701530846,-0.6208806153471,-0.474151086569536,-0.680706432819267
"TCGA.DX.A3U5.01A.11R.A22K.07",-0.0378058698494723,-0.408755541055116,0.160801341638184,-0.462122213851045,0.253314213603094,-0.0347654671224003
"TCGA.DX.A1L3.01A.11R.A24X.07",0.377295549213893,0.583837968322831,0.101969195134223,0.725878078320549,0.666338014743085,0.629139541514778
"TCGA.DX.AB3A.01A.11R.A41I.07",0.211944530459996,-0.748423961988758,-0.175643313346249,-0.591689699077668,-0.716321967579653,-0.570494451438102
"TCGA.DX.A3LU.01A.11R.A21T.07",-0.581585380392631,0.875283376292662,0.784075028725816,0.888885438340424,0.755989747541274,0.467412203533357
"TCGA.DX.A48N.01A.11R.A30C.07",-0.198905706115396,-0.655821560183841,-0.814131046773024,-0.605989498727035,-0.748038382877044,-0.799577665983479
"TCGA.DX.AB2F.01A.11R.A38C.07",0.151208790728811,-0.878293230683312,-0.528311169650128,-0.586416713629508,0.374051452493554,-0.669228595411793
"TCGA.WK.A8XO.01A.11R.A37L.07",-0.118830474668298,0.509611502748362,0.558523027235179,0.339195220545447,0.0289861812540883,0.508242064209312
"TCGA.DX.A1KU.01A.32R.A24X.07",-0.266716707875778,-0.11294680289432,0.61087946902875,0.116494267416759,0.262574676622871,0.33205964979064
"TCGA.DX.A23T.01A.11R.A26T.07",-0.771763140572589,0.572746188006584,0.558193990409762,-0.300574622435641,-0.107190356705378,0.533399453370295
