"ID","Description","setSize","enrichmentScore","NES","pvalue","p.adjust","qvalue","rank","leading_edge","core_enrichment","log2err"
"HALLMARK_ALLOGRAFT_REJECTION","HALLMARK_ALLOGRAFT_REJECTION",200,-0.710368606678325,-2.28126670180037,1e-10,5e-09,5e-09,4209,"tags=66%, list=11%, signal=58%","DARS1/DYRK3/CFP/RARS1/HDAC9/TLR6/STAB1/IL18RAP/CDKN2A/IL2RB/CSK/FASLG/DEGS1/IFNAR2/IL4R/CD79A/LYN/EREG/CCL7/TAPBP/UBE2N/RIPK2/IL15/UBE2D1/EIF5A/IL10/GCNT1/TLR1/NLRP3/CCL11/HIF1A/TLR3/TRAT1/LCP2/KRT1/AARS1/RPS19/HLA-DOB/NPM1/ITGAL/EIF3D/FYB1/FGR/CD80/IRF7/IL16/CD40/GZMB/HLA-E/CD40LG/STAT4/CRTAM/CCL22/CCND2/BCL3/CD3G/CD28/ZAP70/MAP4K1/RPS3A/CD247/LCK/LIF/HLA-G/LY75/CCR2/B2M/PSMB10/CXCR3/GBP2/PTPRC/IL12RB1/RPS9/IGSF6/CXCL13/CXCL9/RPL39/CD8A/SIT1/SRGN/IL11/CCR5/CCR1/NCF4/CD86/CD8B/LY86/ITK/FLNA/BCAT1/CCL19/CD4/PRF1/GPR65/KLRD1/PTPN6/CTSS/CD3E/TGFB1/WAS/CD96/ITGB2/CD7/HLA-A/NME1/HCLS1/SPI1/TLR2/CD3D/IL18/CD2/LTB/IL7/TIMP1/IL2RG/HLA-DMA/THY1/HLA-DMB/GZMA/HLA-DOA/C2/CD74/CCL13/HLA-DRA/CCL5/IL2RA/FCGR2B/INHBA/HLA-DQA1/CAPG/MMP9",NA
"HALLMARK_INTERFERON_GAMMA_RESPONSE","HALLMARK_INTERFERON_GAMMA_RESPONSE",199,-0.560043022047204,-1.82041094270038,5.04791298311535e-09,8.41318830519225e-08,8.41318830519224e-08,4424,"tags=48%, list=12%, signal=43%","TDRD7/IFIH1/MYD88/IFI30/STAT2/MX1/GPR18/CASP3/RBCK1/ITGB7/SLC25A28/IL2RB/BST2/SOCS3/IFNAR2/IL4R/TNFSF10/LAP3/CCL7/TRIM14/TAPBP/RIPK2/IL15/IL10RA/PARP12/TNFAIP6/GCH1/RTP4/IL15RA/NMI/HIF1A/LCP2/NAMPT/TRIM21/CASP4/PSMA3/ZBP1/PLSCR1/SLAMF7/XCL1/CASP1/IRF7/CD40/UBE2L6/STAT4/CD38/CFH/RSAD2/PSME1/IRF5/HLA-G/MARCHF1/UPP1/B2M/PSMB10/CD274/CXCL9/CD69/CSF2RB/IFITM3/PSME2/CD86/HLA-B/PFKP/CIITA/MX2/PNP/PSMB8/VAMP5/PSMB9/EPSTI1/FPR1/PTPN6/ISG15/IFI35/CXCL11/SECTM1/LY6E/CXCL10/HLA-A/SERPING1/MVP/IFITM2/VAMP8/IL7/LGALS3BP/FCGR1A/C1R/HLA-DMA/C1S/GZMA/CD74/CCL5/HLA-DQA1/HLA-DRB1/MT2A",0.761460801445585
"HALLMARK_INFLAMMATORY_RESPONSE","HALLMARK_INFLAMMATORY_RESPONSE",200,-0.546708061280775,-1.75568977018494,2.34824616544291e-08,2.93530770680363e-07,2.93530770680363e-07,3887,"tags=54%, list=11%, signal=48%","STAB1/IL18RAP/IL2RB/PVR/BST2/SELE/IL4R/TNFSF10/LYN/EREG/SLC31A2/CCL7/TAPBP/RIPK2/IL15/LTA/IL10RA/CXCL8/RGS16/TNFAIP6/SEMA4D/ITGB3/GCH1/RTP4/IL10/TLR1/SELENOS/NLRP3/NMUR1/IL15RA/NMI/OSMR/RASGRP1/HIF1A/TLR3/LCP2/OPRK1/NAMPT/SELL/P2RX4/IRF7/TPBG/CD40/OLR1/EMP3/CCL22/ADGRE1/RNF144B/TNFSF15/LCK/MMP14/EBI3/LIF/CYBB/MYC/MSR1/SLC1A2/PROK2/OSM/CSF3R/GPR132/TNFRSF9/CXCL9/CD69/PIK3R5/SCN1B/NPFFR2/NOD2/ITGA5/PTAFR/IL1R1/CXCL6/CLEC5A/GNA15/FPR1/RHOG/IL18R1/GPR183/CD48/CD14/CXCL11/LAMP3/LY6E/IFITM1/CXCR6/C3AR1/CCL20/CXCL10/C5AR1/SLAMF1/TLR2/IL18/CCL17/CD82/AQP9/TIMP1/MARCO/SERPINE1/IL7R/F3/AXL/SPHK1/PTGER2/CCL5/RGS1/INHBA/PLAUR",0.73376198835648
"HALLMARK_INTERFERON_ALPHA_RESPONSE","HALLMARK_INTERFERON_ALPHA_RESPONSE",97,-0.575851603055027,-1.73163658542932,1.81218099149714e-05,9.0609049574857e-05,9.0609049574857e-05,4424,"tags=49%, list=12%, signal=44%","TDRD7/IFIH1/IFI30/STAT2/MX1/SLC25A28/BST2/IL4R/LAP3/TRIM14/RIPK2/IL15/OAS1/PARP12/RTP4/NMI/TRIM21/SELL/PSMA3/PLSCR1/CASP1/IRF7/UBE2L6/PROCR/RSAD2/PSME1/B2M/GBP2/UBA7/IFITM3/PSME2/PSMB8/HLA-C/PSMB9/EPSTI1/ISG15/IFI35/CXCL11/LAMP3/LY6E/IFITM1/CXCL10/IFITM2/IL7/LGALS3BP/C1S/GMPR/CD74",0.575610261071129
"HALLMARK_EPITHELIAL_MESENCHYMAL_TRANSITION","HALLMARK_EPITHELIAL_MESENCHYMAL_TRANSITION",200,-0.520193177936436,-1.67054028594971,3.66165282263245e-07,2.61546630188032e-06,2.61546630188032e-06,3329,"tags=46%, list=9%, signal=42%","GJA1/PTHLH/IL15/SNTB1/CXCL8/TPM1/QSOX1/LAMA1/ITGB3/PRRX1/FUCA1/VEGFC/WIPF1/GEM/BDNF/NTM/P3H1/SERPINH1/SDC4/SDC1/LOX/PLOD1/FBLN1/SNAI2/CDH11/COL7A1/SAT1/CXCL1/LOXL1/ACTA2/EMP3/CD59/TNFRSF11B/COL1A1/MMP14/CAP2/ITGAV/PCOLCE/PPIB/LUM/POSTN/FN1/VIM/GLIPR1/COL6A3/LGALS1/ITGA5/FLNA/CXCL6/NT5E/ADAM12/GADD45B/TNC/ENO2/COL8A2/EFEMP2/TGFB1/TAGLN/HTRA1/ECM1/MATN3/PLOD2/ITGB5/BASP1/TIMP1/SPP1/THY1/FMOD/MMP3/PDLIM4/MMP1/SERPINE1/GREM1/SCG2/TGFBI/BGN/CD44/ANPEP/COMP/FAP/MYL9/INHBA/TNFRSF12A/PLAUR/CAPG/CTHRC1/TPM2/SFRP4/NNMT/COL11A1/LRRC15",0.674962860011025
"HALLMARK_MITOTIC_SPINDLE","HALLMARK_MITOTIC_SPINDLE",199,0.68528633845333,1.64038459017723,3.10688383546507e-09,7.76720958866268e-08,7.76720958866268e-08,6777,"tags=67%, list=18%, signal=55%","CDC42EP4/OPHN1/ARHGAP29/TOP2A/ARAP3/SPTBN1/RAPGEF5/ARHGAP5/BIN1/MYH10/TTK/GSN/TIAM1/ANLN/TPX2/CENPF/KIF15/KIF23/CEP192/KIF11/KIF4A/FBXO5/LLGL1/DST/ESPL1/APC/CDK1/SMC4/LMNB1/MARCKS/CEP131/SMC1A/FLNB/BUB1/INCENP/HDAC6/FGD4/WASF2/NEK2/ECT2/TRIO/AURKA/EPB41L2/CLASP1/NDC80/RFC1/KIF3B/NUMA1/ARHGEF12/KIF22/ABL1/CKAP5/RABGAP1/CNTRL/ARHGEF7/KIF1B/ARHGEF11/NOTCH2/LATS1/RASA1/PCNT/SSH2/TBCD/NEDD9/KIF20B/CENPE/ROCK1/RICTOR/STK38L/RALBP1/PIF1/PLEKHG2/WASL/KNTC1/RACGAP1/CLIP2/KIF2C/PAFAH1B1/TAOK2/CDC27/KIF5B/CCNB2/SHROOM1/ALMS1/DYNC1H1/PXN/CCDC88A/PCM1/ALS2/HOOK3/ITSN1/STAU1/GEMIN4/CEP72/TUBD1/DLGAP5/SOS1/CDK5RAP2/SEPTIN9/PLK1/SUN2/SORBS2/BIRC5/TSC1/SMC3/SYNPO/SASS6/NCK1/DOCK4/DYNLL2/NF1/MID1/BCL2L11/CDC42BPA/SPTAN1/CNTROB/RAB3GAP1/RASAL2/AKAP13/ACTN4/KATNB1/TUBGCP5/ARHGEF2/SAC3D1/CPAP/LRPPRC/ARHGAP27/CEP250/ARHGAP10/RANBP9/TUBGCP6/TUBGCP3/KIF3C/RAPGEF6",0.774939030136436
"HALLMARK_G2M_CHECKPOINT","HALLMARK_G2M_CHECKPOINT",200,0.664729106844078,1.58173193720225,9.25703705924498e-08,9.25703705924498e-07,9.25703705924498e-07,5749,"tags=58%, list=16%, signal=50%","SMAD3/TOP2A/DMD/CDKN2C/TTK/TPX2/CENPF/KIF15/KIF23/NSD2/KIF11/POLE/STMN1/KIF4A/HMMR/FBXO5/MYBL2/KNL1/CCNA2/ESPL1/CASP8AP2/CDK1/SMC4/PLK4/MKI67/E2F1/LMNB1/TMPO/UBE2C/MARCKS/CDKN1B/SMC1A/BUB1/E2F2/CCNF/INCENP/STIL/RAD54L/SLC12A2/PBK/STAG1/NEK2/TNPO2/MCM2/AURKA/NDC80/CDC25A/POLQ/NUMA1/PURA/ILF3/KIF22/ABL1/EXO1/NOTCH2/SMC2/H2AZ2/CDC7/KMT5A/KIF20B/CENPE/RBL1/ARID4A/RAD21/RACGAP1/YTHDC1/BARD1/EZH2/KIF2C/TACC3/AURKB/MAD2L1/PAFAH1B1/CDC27/KIF5B/CCNB2/HMGN2/TROAP/FOXN3/CCNT1/PRP4K/RPS6KA5/MTF2/CUL3/CENPA/LIG3/FANCC/PLK1/AMD1/CBX1/UPF1/BIRC5/MAPK14/DR1/CDC6/PTTG1/NASP/CDC25B/SS18/MEIS2/SRSF1/CUL5/CTCF/CHAF1A/CDKN3/SRSF10/PDS5B/XPO1/CDC20/DBF4/GINS2/MAP3K20/WRN/RAD23B/RASAL2/CKS2/H2AX",0.704975715167238
"HALLMARK_E2F_TARGETS","HALLMARK_E2F_TARGETS",200,0.660284114328029,1.57115501714434,1.57618423602047e-07,1.31348686335039e-06,1.31348686335039e-06,7309,"tags=66%, list=20%, signal=53%","TOP2A/SPC24/CDKN2C/DEPDC1/KIF18B/PPM1D/POLE/STMN1/KIF4A/HMMR/MYBL2/USP1/CBX5/ESPL1/CDCA8/CDK1/BUB1B/CIT/SMC4/PLK4/ASF1B/MKI67/LMNB1/TMPO/RAD51AP1/SPAG5/CDKN1B/SMC1A/MCM4/STAG1/TIMELESS/NCAPD2/MCM2/AURKA/BRMS1L/PRKDC/MMS22L/TRIP13/GINS1/CCP110/RFC1/CDC25A/CCNE1/ILF3/KIF22/PSIP1/GINS3/GINS4/NUP107/CENPE/PAN2/SHMT1/NUP153/CDCA3/RAD21/RACGAP1/ING3/BARD1/MSH2/ASF1A/ATAD2/EZH2/RBBP7/KIF2C/TACC3/AURKB/RPA1/DONSON/MAD2L1/UBE2T/DNMT1/TUBG1/CCNB2/NUDT21/NUP205/WEE1/CDKN1A/PMS2/MELK/TCF19/PSMC3IP/BRCA1/TK1/DCLRE1B/DLGAP5/RAD51C/MXD3/PLK1/CSE1L/RAD1/POLD3/BIRC5/SMC3/PTTG1/NASP/CDC25B/LUC7L3/HELLS/UNG/SRSF1/PNN/SPC25/UBR7/CTCF/LIG1/HMGB2/CDKN3/PDS5B/XPO1/CDC20/DIAPH3/DEK/CKS2/RFC3/H2AX/TP53/DCK/SUV39H1/ANP32E/E2F8/ZW10/ORC2/ORC6/LBR/SYNCRIP/TIPIN/MCM3/TUBB/RAD50/WDR90/CNOT9/HMGB3",0.690132458796796
"HALLMARK_IL6_JAK_STAT3_SIGNALING","HALLMARK_IL6_JAK_STAT3_SIGNALING",87,-0.522577876210487,-1.5418285043286,0.0014275038640199,0.00549039947699963,0.00549039947699963,3617,"tags=49%, list=10%, signal=45%","SOCS3/IL4R/LTBR/CSF2/CCL7/IL17RA/ITGB3/IL15RA/OSMR/CRLF2/INHBE/IL1R2/CXCL1/CXCL3/CD38/EBI3/IL12RB1/CXCL13/CSF3R/CXCL9/HMOX1/CSF2RB/BAK1/IL13RA1/PIK3R5/CCR1/IL1R1/MAP3K8/IL18R1/CD14/CXCL11/TGFB1/CXCL10/ITGA4/TLR2/LTB/CSF2RA/IL7/IL2RG/PDGFC/CD44/IL2RA/TNFRSF12A",0.45505986738723
"HALLMARK_COAGULATION","HALLMARK_COAGULATION",138,-0.486884424916071,-1.54084151022367,0.00011566398987164,0.000481933291131832,0.000481933291131832,3070,"tags=37%, list=8%, signal=34%","CLU/KLKB1/S100A13/ITGB3/GDA/PLAT/ARF4/C8A/PRSS23/PLEK/C8B/MMP7/FGA/F12/C3/OLR1/CTSH/CFH/FGG/C8G/THBD/MMP14/MSRB2/ANG/F2RL2/C1QA/MMP10/FN1/CSRP1/SERPINB2/DPP4/HTRA1/MMP8/SERPING1/MMP11/APOC1/TIMP1/C1R/C1S/CFI/MMP3/MMP1/SERPINE1/C2/F3/SERPINA1/CTSB/PLAU/COMP/MMP9/CTSK",0.538434096309916
"HALLMARK_COMPLEMENT","HALLMARK_COMPLEMENT",200,-0.475872061458518,-1.52820814140229,1.58909634577562e-05,9.0609049574857e-05,9.0609049574857e-05,3862,"tags=47%, list=11%, signal=42%","ADAM9/MSRB1/FDX1/CR2/CASP5/HNF4A/DGKH/CPQ/LYN/PPP4C/LAP3/SERPINC1/SIRT6/L3MBTL4/CLU/KLKB1/S100A13/DGKG/PLAT/PHEX/PRKCD/GNB4/RASGRP1/HSPA5/APOBEC3G/PLEK/STX4/LCP2/GNGT2/CASP4/PLSCR1/CASP1/CXCL1/IRF7/GNAI2/GZMB/C3/PRSS36/OLR1/CD40LG/MMP12/CD59/ME1/CTSH/GZMK/CFH/CR1/PRCP/ATOX1/LCK/MMP14/ACTN2/ANG/C1QC/C1QA/FCN1/PLA2G7/LGALS3/FN1/CTSC/PIK3R5/CTSL/PFN1/MT3/CSRP1/S100A9/SERPINB2/PSMB9/DPP4/RHOG/CTSS/WAS/ITGAM/MMP8/CEBPB/F5/SERPING1/APOC1/FCER1G/CTSD/KYNU/TIMP1/C1R/C1S/GZMA/GATA3/SERPINE1/C2/F3/SERPINA1/CTSB/CCL5/PLAUR/MMP13",0.575610261071129
"HALLMARK_HYPOXIA","HALLMARK_HYPOXIA",199,-0.468253463833348,-1.52205044248857,1.772752507848e-05,9.0609049574857e-05,9.0609049574857e-05,2558,"tags=37%, list=7%, signal=35%","HSPA5/SDC4/CASP6/HDLBP/PGK1/LOX/PDK1/PKP1/KDELR3/PDK3/UGP2/P4HA2/CXCR4/TPBG/SAP30/RRAGD/MYH9/EFNA3/KIF5A/ALDOA/TGFB3/NDRG1/TPI1/IRS2/PAM/SIAH2/ALDOC/NAGK/GAA/NEDD4L/ANXA2/HEXA/P4HA1/FAM162A/GLRX/CSRP2/PFKFB3/FOSL2/PRDX5/LXN/GPI/HMOX1/CDKN1C/ERO1A/PLIN2/GAPDH/PFKP/SLC2A1/CAVIN3/SLC6A6/TMEM45A/SLC2A3/ENO2/TPST2/S100A4/HAS1/DDIT3/ENO1/IER3/HK2/HOXB9/AMPD3/LDHA/SERPINE1/F3/TGFBI/FBP1/BGN/MT1E/CCN5/MT2A/PLAUR/SLC2A5/CA12",0.575610261071129
"HALLMARK_IL2_STAT5_SIGNALING","HALLMARK_IL2_STAT5_SIGNALING",199,-0.458619459566678,-1.49073526472784,3.65385043322595e-05,0.000166084110601179,0.000166084110601179,2189,"tags=33%, list=6%, signal=31%","SELL/MAPKAPK2/TNFRSF8/ICOS/IL1R2/P2RX4/PLSCR1/GATA1/PLEC/PTRH2/SLC1A5/RRAGD/SYNGR2/NDRG1/CCND2/XBP1/LIF/MYC/MYO1E/RNH1/PUS1/ITGAV/P4HA1/ALCAM/F2RL2/CKAP4/TNFRSF9/CDKN1C/FAH/PLIN2/IFITM3/CD86/PNP/MAP3K8/SLC39A8/NT5E/CTLA4/GPR65/GADD45B/SLC2A3/RHOH/IL18R1/CD48/CXCL10/SMPDL3A/ECM1/HOPX/HK2/GALM/GSTO1/LTB/BATF3/IL1RL1/SPP1/MUC1/TNFRSF18/CST7/CTSZ/TNFSF11/BATF/PTGER2/CD44/IL2RA/CAPG/CDCP1",0.557332238758646
"HALLMARK_UV_RESPONSE_DN","HALLMARK_UV_RESPONSE_DN",144,0.545797051949496,1.28480785095484,0.0269430051813472,0.0769199421940723,0.0769199421940723,6936,"tags=60%, list=19%, signal=49%","PPARG/TGFBR3/SMAD3/PLPP3/LDLR/CDON/LAMC1/NFIB/ADGRL2/ZMIZ1/DLC1/ADD3/RXRA/FYN/HAS2/CACNA1A/GRK5/TFPI/PTPRM/ATP2B4/MAGI2/APBB2/MAP1B/SYNE1/TOGARAM1/MGLL/CDKN1B/SCAF8/IGFBP5/PRKCE/CITED2/ARHGEF9/DYRK1A/PRKAR2B/VLDLR/AMPH/KALRN/CAV1/BMPR1A/NOTCH2/MET/NIPBL/PIK3R3/NR3C1/TJP1/NRP1/YTHDC1/PHF3/MTA1/DDAH1/PLCB4/CELF2/PIAS3/ATRN/AGGF1/FBLN5/INPP4B/MAPK14/SCHIP1/CDK13/CDC42BPA/NEK7/ACVR2A/INSIG1/BCKDHB/CCN1/PRDM2/KIT/FZD2/ADORA2B/DUSP1/AKT3/PTPN21/NFKB1/COL3A1/RBPMS/SPOP/NR1D2/WDR37/ATP2C1/ERBB2/DAB2/IRS1/SMAD7/MMP16/COL5A2/PMP22",0.282013350011725
"HALLMARK_NOTCH_SIGNALING","HALLMARK_NOTCH_SIGNALING",32,0.636405360541079,1.28102167708363,0.112845138055222,0.256466222852777,0.256466222852777,3499,"tags=41%, list=10%, signal=37%","HES1/DTX4/NOTCH1/FZD7/DLL1/JAG1/LFNG/NOTCH3/NOTCH2/DTX1/TCF7L2/MAML2/PPARD",0.142056643575821
"HALLMARK_MYC_TARGETS_V2","HALLMARK_MYC_TARGETS_V2",58,-0.450259665351719,-1.25737168961302,0.0696791281304684,0.174197820326171,0.174197820326171,5057,"tags=52%, list=14%, signal=45%","TBRG4/WDR43/BYSL/WDR74/RCL1/PPRC1/TFB2M/RRP12/AIMP2/MCM5/PRMT3/SRM/MRTO4/NOP56/EXOSC5/SORD/GNL3/IMP4/NPM1/CDK4/NIP7/DUSP2/NOP16/RRP9/MYC/PA2G4/PUS1/HSPE1/PES1/HK2",0.287805130535564
"HALLMARK_ADIPOGENESIS","HALLMARK_ADIPOGENESIS",200,0.517188997164927,1.23065824252714,0.0404858299595142,0.106541657788195,0.106541657788195,7124,"tags=40%, list=19%, signal=32%","CD36/FABP4/PPARG/LIFR/LIPE/GPX3/SPARCL1/ENPP2/CAVIN2/LAMA4/LPL/SCARB1/CDKN2C/COL15A1/SORBS1/FZD4/ITIH5/ANGPTL4/EPHX2/CCNG2/BAZ2A/CYP4B1/LPCAT3/MGLL/ADIPOQ/COL4A1/STOM/TOB1/HSPB8/RNF11/PPP1R15B/MAP4K3/SOWAHC/ACADS/ADCY6/DLAT/PHLDB1/IDH3A/ALDH2/IFNGR1/CD302/ACLY/DBT/SLC27A1/ITSN1/OMD/ATL2/ACO2/ACADM/SCP2/COQ9/UBQLN1/GPHN/COQ3/ACOX1/GPAT4/ADIPOR2/PTCD3/ABCA1/SNCG/GPAM/PDCD4/ELMOD3/CRAT/RREB1/CS/G3BP2/DLD/REEP6/NMT1/DHRS7B/ARL4A/ACADL/MYLK/ECH1/MTARC2/PEMT/PFKL/CPT2/AGPAT3",0.224966093540314
"HALLMARK_GLYCOLYSIS","HALLMARK_GLYCOLYSIS",200,-0.377735716590158,-1.21305460888425,0.0150759248309708,0.0538425886820386,0.0538425886820386,3253,"tags=36%, list=9%, signal=33%","PGLS/IDH1/PGM2/B3GAT3/ALG1/QSOX1/ANKZF1/B4GALT1/TGFA/PPFIA4/PPIA/HSPA5/POLR3K/CASP6/MPI/SDC1/NDST3/GFUS/AKR1A1/B4GALT7/HDLBP/PGK1/KDELR3/PDK3/PLOD1/UGP2/P4HA2/PGAM1/PRPS1/GMPPA/GMPPB/CXCR4/TPBG/SAP30/RRAGD/GUSB/EFNA3/NOL3/SPAG4/ALDOA/ME1/TPI1/IRS2/DSC2/LHPP/PAM/GALE/GAL3ST1/P4HA1/FAM162A/GLRX/ANG/IDUA/ERO1A/IL13RA1/TXN/TALDO1/PFKP/NT5E/G6PD/ENO2/ENO1/IER3/HK2/PLOD2/PYGL/CHST6/PKM/LDHA/SLC16A3/TGFBI/CD44",0.380730400722792
"HALLMARK_TNFA_SIGNALING_VIA_NFKB","HALLMARK_TNFA_SIGNALING_VIA_NFKB",199,-0.368182797776326,-1.19677233283977,0.0242889009079995,0.0759028153374983,0.0759028153374983,2852,"tags=32%, list=8%, signal=30%","B4GALT1/RCAN1/IL15RA/GEM/NFKBIE/SDC4/PLEK/NAMPT/TNIP1/TNFAIP8/SAT1/TGIF1/CXCL1/CD80/CXCL3/NFKB2/NINJ1/OLR1/RELB/LAMB3/DUSP2/IRS2/BCL3/LIF/MYC/DUSP4/ZC3H12A/GFPT2/PANX1/PFKFB3/FOSL2/TNFRSF9/CD69/MAP3K8/SERPINB8/SERPINB2/CXCL6/GADD45B/SLC2A3/TNC/GPR183/CXCL11/F2RL1/CCL20/CXCL10/IER3/CEBPB/TLR2/FOSL1/IL18/MSC/KYNU/BCL2A1/FJX1/SERPINE1/IL7R/F3/SPHK1/PHLDA2/PLAU/CCL5/CD44/INHBA/PLAUR",0.352487857583619
"HALLMARK_KRAS_SIGNALING_UP","HALLMARK_KRAS_SIGNALING_UP",200,-0.369126113368739,-1.18540586292323,0.0224360231591696,0.0747867438638988,0.0747867438638988,1899,"tags=26%, list=5%, signal=25%","CXCR4/TLR8/DOCK2/SCG5/CFH/SPON1/CCND2/MAP4K1/LIF/HOXD11/ACE/IKZF1/GFPT2/GLRX/MMP10/ERO1A/PLEK2/SCN1B/LCP1/PSMB8/TMEM176A/MAFB/CTSS/GPNMB/F2RL1/C3AR1/CCL20/CXCL10/ITGB2/TMEM176B/MMP11/KCNN4/FCER1G/LAT2/HSD11B1/LAPTM5/CSF2RA/SPP1/IL2RG/VWA5A/CD37/ADAMDEC1/LY96/TMEM158/IL7R/PDCD1LG2/ADAM8/PLAU/INHBA/ITGBL1/PLAUR/MMP9",0.352487857583619
"HALLMARK_MTORC1_SIGNALING","HALLMARK_MTORC1_SIGNALING",200,-0.365261469904315,-1.17299500697205,0.027691179189866,0.0769199421940723,0.0769199421940723,4630,"tags=44%, list=13%, signal=38%","AK4/PDAP1/RPN1/CD9/ACTR2/PSMC4/IFI30/NFIL3/EIF2S2/PSMB5/CFP/BHLHE40/CTH/GSR/SLC37A4/LGMN/TBK1/PITPNB/UFM1/MLLT11/EEF1E1/TRIB3/IDH1/SQSTM1/SYTL2/PNO1/PSMA4/GTF2H1/ARPC5L/SLC7A5/YKT6/PPIA/NFKBIB/HSPA5/ATP5MC1/SERPINH1/SORD/TUBA4A/ACTR3/NAMPT/SRD5A1/PGK1/PRDX1/PDK1/ATP6V1D/PSMA3/PPA1/CXCR4/SERP1/SLC1A5/QDPR/ALDOA/ME1/PSMD13/GLA/PSMG1/TPI1/HPRT1/RRP9/XBP1/HMBS/SLC7A11/TFRC/P4HA1/GLRX/HSPE1/SHMT2/DAPP1/GPI/ERO1A/GAPDH/CTSC/PNP/SLC2A1/SLC6A6/BCAT1/G6PD/SLC2A3/SLA/SDF2L1/DDIT3/ENO1/CORO1A/HK2/ITGB2/PLOD2/LDHA",0.352487857583619
"HALLMARK_MYOGENESIS","HALLMARK_MYOGENESIS",200,0.486914502823994,1.15861967209497,0.123481781376518,0.268438655166344,0.268438655166344,8457,"tags=52%, list=23%, signal=41%","CD36/TNNT3/CKB/KCNH2/PYGM/CFD/GPX3/MYOM1/GNAO1/CAMK2B/CDH13/BDKRB2/DMD/APOD/ABLIM1/BIN1/FHL1/NOTCH1/GSN/HRC/COL15A1/LAMA2/EPHB3/SORBS1/MEF2A/FABP3/FGF2/EFS/IGFBP3/MYH2/APP/DES/FOXO4/RYR1/HSPB8/NCAM1/SVIL/MYL3/COL4A2/COX7A1/TSC2/HBEGF/CASQ1/VIPR1/MYH1/LARGE1/TPD52L1/DAPK2/AGRN/LSP1/CKM/CDKN1A/SGCG/LDB3/CKMT2/AKT2/SGCD/ATP2A1/SMTN/SCHIP1/ADCY9/SPEG/SOD3/DMPK/SPTAN1/MEF2D/MEF2C/SORBS3/TNNC2/CRAT/PDE4DIP/COL3A1/MYF6/TCAP/AGL/MYL4/CASQ2/ACTN3/APLNR/SH3BGR/MYLK/NQO1/MB/EIF4A2/RB1/MYL1/HDAC5/MYH4/SCD/FLII/CAV3/ITGB1/NAV2/SH2B1/MAPRE3/RIT1/FST/LPIN1/ACTA1/DENND2B/MYOM2/CACNA1H/PTP4A3/CACNG1/KCNH1",0.122679189568808
"HALLMARK_BILE_ACID_METABOLISM","HALLMARK_BILE_ACID_METABOLISM",112,0.497890750990533,1.14621656650368,0.184346035015448,0.368692070030896,0.368692070030896,6798,"tags=38%, list=19%, signal=31%","ABCA8/RXRG/ABCA9/LIPE/DIO2/ABCA6/FADS2/RXRA/NR3C2/BMP6/ABCA3/EPHX2/ISOC1/CYP46A1/AR/SLC23A2/PEX6/DHCR24/ABCA2/NEDD4/PEX19/PNPLA8/CYP7B1/PEX1/ALDH9A1/ABCA4/EFHC1/SCP2/PEX12/PEX11A/HSD17B4/ABCA1/SLC29A1/LONP2/ABCD3/MLYCD/NR1H4/FDXR/IDI1/RBP1/ALDH8A1/PEX7",0.0978773277424561
"HALLMARK_HEDGEHOG_SIGNALING","HALLMARK_HEDGEHOG_SIGNALING",36,0.548366883898836,1.14018588945727,0.24578313253012,0.438898450946644,0.438898450946644,6177,"tags=53%, list=17%, signal=44%","CNTFR/OPHN1/AMOT/ADGRG1/UNC5C/CDK6/TLE1/DPYSL2/VLDLR/RASA1/CRMP1/NRP1/VEGFA/NF1/PTCH1/NKX6-1/L1CAM/CDK5R1/SLIT1",0.0902635484340068
"HALLMARK_PROTEIN_SECRETION","HALLMARK_PROTEIN_SECRETION",96,0.483765562773801,1.11003959903375,0.264957264957265,0.453778677462888,0.453778677462888,8378,"tags=52%, list=23%, signal=40%","TSPAN8/EGFR/DST/TPD52/ATP7A/DOP1A/KIF1B/IGF2R/YIPF6/RAB22A/ARFGEF2/ATP1A1/SCAMP1/CLCN3/GNAS/RPS6KA3/USO1/SGMS1/AP1G1/NAPG/GBF1/RAB14/M6PR/ABCA1/GALC/MON2/VAMP3/AP2B1/OCRL/DNM1L/ANP32E/ADAM10/STX16/ZW10/STX7/COG2/ARFGAP3/COPB2/AP3B1/RAB5A/ARFGEF1/MAPK1/SCRN1/AP3S1/SEC24D/VPS4B/VPS45/TMED2/STX12/ERGIC3",0.0795564677235957
"HALLMARK_ESTROGEN_RESPONSE_EARLY","HALLMARK_ESTROGEN_RESPONSE_EARLY",200,0.46374038105162,1.1034765346175,0.234817813765182,0.434847803268856,0.434847803268856,5124,"tags=36%, list=14%, signal=31%","ADCY1/ELOVL2/RET/EGR3/HES1/KAZN/FOS/INHBB/CYP26B1/OLFM1/MAPT/KLF4/DHRS2/SLC37A1/SCARB1/SYNGR1/WFS1/ABLIM1/DLC1/ADD3/SLC7A2/TIAM1/KLF10/NRIP1/RPS6KA2/RHOBTB3/NPY1R/TUBB2B/CELSR2/ABCA3/TFF3/DEPTOR/SH3BP5/MED13L/SLC22A5/AR/GFRA1/FLNB/MAST4/MYBL1/IL6ST/KDM4B/TOB1/HSPB8/RARA/PODXL/SVIL/RAPGEFL1/PGR/HR/BCL2/AKAP1/CXCL12/ANXA9/SLC24A3/TPD52L1/SLC26A2/FASN/MED24/CHPT1/KCNK5/ABAT/TGIF2/AFF1/ADCY9/FDFT1/P2RY2/PEX11A/THSD4/INPP5F/RBBP8",0.083129129135339
"HALLMARK_OXIDATIVE_PHOSPHORYLATION","HALLMARK_OXIDATIVE_PHOSPHORYLATION",199,-0.337624567768831,-1.097443291846,0.14197308574078,0.295777261959958,0.295777261959958,5199,"tags=39%, list=14%, signal=34%","MRPL15/NDUFB5/COX7C/MAOB/COX6A1/NDUFS3/ATP5F1A/VDAC1/ATP5MG/NDUFA8/MDH1/MTX2/ECHS1/COX4I1/ATP5F1C/CYB5A/NDUFV1/NDUFA6/MRPS12/TIMM10/MRPL11/ISCU/IDH2/NDUFS8/FDX1/UQCRC1/ATP6V1E1/AIFM1/TIMM9/DECR1/IDH1/NDUFB6/MGST3/UQCRFS1/COX6C/ATP5PD/SURF1/NDUFS6/COX7A2L/NDUFB2/SLC25A5/OXA1L/UQCRQ/NDUFB1/ATP5MC1/SLC25A20/NDUFB8/ATP5ME/ACAA1/NDUFB3/ATP6V1D/TIMM17A/CYC1/POLR2F/ATP5MF/ATP6V1F/ATP6AP1/COX17/ETFB/TIMM8B/PDHX/COX5A/UQCR10/BAX/ATP5MC2/RHOT2/COX6B1/ATP5F1E/LDHB/NDUFA3/ATP6V0B/NDUFA1/IDH3G/GPI/UQCRB/TCIRG1/ATP6V0E1/LDHA",0.249246554383295
"HALLMARK_ESTROGEN_RESPONSE_LATE","HALLMARK_ESTROGEN_RESPONSE_LATE",200,0.458209938941991,1.09031677251053,0.272267206477733,0.453778677462888,0.453778677462888,5230,"tags=37%, list=14%, signal=32%","MEST/CKB/CACNA2D2/RET/PLAC1/EGR3/FOS/FGFR3/CYP26B1/TOP2A/SCUBE2/OLFM1/MAPT/LAMC2/KLF4/DHRS2/SCARB1/KIF20A/WFS1/ALDH3A2/ADD3/TIAM1/NRIP1/RPS6KA2/DLG5/NPY1R/CELSR2/ABCA3/TFF3/ATP2B4/PLK4/ZFP36/SLC22A5/FLNB/STIL/RABEP1/IL6ST/TOB1/HSPB8/HSPA4L/PRKAR2B/NMU/CAV1/IMPA2/ACOX2/RAPGEFL1/PGR/HR/BCL2/CXCL12/ANXA9/SLC24A3/TH/LARGE1/TPD52L1/SLC26A2/MDK/HOMER2/CHPT1/KCNK5/LTF/AFF1/XRCC3/PLXNB1/CDC6/FDFT1/ASS1/JAK1/EMP2/AGR2/RBBP8/CDC20/SLC29A1/GINS2",0.0753093764172773
"HALLMARK_APOPTOSIS","HALLMARK_APOPTOSIS",160,-0.343412768765177,-1.09025577745354,0.0824357747263291,0.196275654110307,0.196275654110307,2156,"tags=23%, list=6%, signal=22%","CASP4/SAT1/CASP1/AIFM3/CD38/CCND2/KRT18/BAX/DAP3/RHOT2/LUM/HSPB1/CD69/HMOX1/LGALS3/IFITM3/GNA15/PRF1/GADD45B/CD14/ENO2/BCAP31/NEFH/PLCB2/DDIT3/IER3/GPX1/PMAIP1/IGFBP6/IL18/CD2/LEF1/TIMP1/BGN/TSPO/CD44/TNFRSF12A",0.287805130535564
"HALLMARK_WNT_BETA_CATENIN_SIGNALING","HALLMARK_WNT_BETA_CATENIN_SIGNALING",42,0.518808423707706,1.08406929977937,0.342989571263036,0.535921205098494,0.535921205098494,7649,"tags=52%, list=21%, signal=41%","NOTCH4/NOTCH1/DLL1/JAG1/DVL2/GNAI1/NKD1/HDAC2/SKP2/JAG2/PPARD/MAML1/NCSTN/WNT5B/ADAM17/TCF7/PTCH1/TP53/HDAC11/HEY1/HDAC5/CSNK1E",0.0704500850658419
"HALLMARK_SPERMATOGENESIS","HALLMARK_SPERMATOGENESIS",134,0.464995513182983,1.08233486645131,0.307533539731682,0.496021838276907,0.496021838276907,7063,"tags=37%, list=19%, signal=30%","TTK/SPATA6/SHE/CDK1/GSTM3/BUB1/SLC12A2/SIRT1/STRBP/NEK2/SNAP91/NCAPH/AURKA/HSPA4L/MAST2/DCC/BRAF/SCG3/EZH2/KIF2C/RAD17/MTOR/JAM3/CCNB2/STAM2/YBX2/CNIH2/GMCL1/HSPA1L/TOPBP1/COIL/CCT6B/DMC1/PIAS2/NPHP1/PACRG/HSPA2/MLLT10/CDKN3/DBF4/DDX25/TCP11/PRKAR2A/SEPTIN4/PHF7/ZC3H14/ARL4A/TSN/CFTR/IP6K1",0.070113215764256
"HALLMARK_MYC_TARGETS_V1","HALLMARK_MYC_TARGETS_V1",200,-0.329022053790753,-1.056616309356,0.196510824139901,0.377905431038271,0.377905431038271,4392,"tags=31%, list=12%, signal=27%","PSMC4/HNRNPC/ERH/CCT5/EIF2S2/SSB/TRIM28/AIMP2/MCM5/MRPS18B/PSMD1/RPL18/SRM/EIF3B/ACP1/CLNS1A/RPS10/RANBP1/IMPDH2/PSMA4/HSP90AB1/KARS1/RSL1D1/PPM1G/APEX1/PABPC1/NOP56/NHP2/NCBP2/PPIA/PRPF31/SNRPD2/RPS6/GNL3/SSBP1/RPS2/RPL14/PGK1/RPS5/NPM1/CDK4/EIF3D/CYC1/XPOT/SNRPG/RPS3/EEF1B2/COX5A/RPL34/NOP16/HPRT1/RRP9/PSMB3/EXOSC7/MYC/PA2G4/HSPE1/PSMA1/PRDX4/NME1/LDHA/MRPL23",0.249246554383295
"HALLMARK_APICAL_JUNCTION","HALLMARK_APICAL_JUNCTION",200,0.432140930727882,1.02828521343045,0.441295546558704,0.65359477124183,0.65359477124183,5766,"tags=36%, list=16%, signal=31%","KCNH2/CDH4/NRXN2/VWF/ADAMTS5/CD34/CX3CL1/PKD1/LAMC2/AMIGO1/FLNC/ITGA9/LAMA3/EGFR/PPP2R2C/ICAM5/MYH10/NLGN3/TMEM8B/TRO/SDC3/PECAM1/COL17A1/SLIT2/NRTN/CLDN5/NECTIN1/CDH6/PCDH1/AMH/EPB41L2/ADRA1B/BAIAP2/GNAI1/NEGR1/COL9A1/ICAM2/RASA1/PIK3R3/TJP1/PLCG1/CLDN15/JUP/CLDN4/CDH8/WASL/TAOK2/SRC/TUBG1/JAM3/FBN1/NLGN2/MDK/SGCE/CLDN18/WNK4/AKT2/ADAM23/TSC1/MAPK14/NF1/SPEG/INSIG1/EXOC4/MAP3K20/MAP4K2/SORBS3/CTNNA1/PARD6G/AKT3/CRAT/ACTN4",0.0519512476197082
"HALLMARK_TGF_BETA_SIGNALING","HALLMARK_TGF_BETA_SIGNALING",54,0.473075304748421,1.02442459219529,0.444444444444444,0.65359477124183,0.65359477124183,7531,"tags=44%, list=21%, signal=35%","SMAD3/SMURF2/SPTBN1/KLF10/HIPK2/LEFTY2/APC/SMAD6/SMAD1/SKI/BMPR1A/TRIM33/TJP1/ARID4B/SMURF1/THBS1/BMPR2/MAP3K7/JUNB/FNTA/SMAD7/CDH1/PPM1A/XIAP",0.0573667426768556
"HALLMARK_HEME_METABOLISM","HALLMARK_HEME_METABOLISM",196,0.425607700322158,1.01789308210704,0.465045592705167,0.664350846721667,0.664350846721667,8264,"tags=41%, list=23%, signal=32%","ABCG2/HBB/ALDH1L1/TNS1/BTG2/RAP1GAP/OSBP2/ANK1/BCAM/PRDX2/IGSF3/E2F2/BTRC/EPOR/ADD1/DAAM1/LPIN2/ARHGEF12/SYNJ1/SLC30A1/KLF3/NR3C1/SEC14L1/TRAK2/H1-0/RANBP10/NNT/EZH1/XPO7/TNRC6B/CDC27/TAL1/VEZF1/CLCN3/ALDH6A1/KDM7A/RNF123/TENT5C/MARK3/DCAF10/KAT2B/TFDP2/TMCC2/KHNYN/GLRX5/NEK7/ACSL6/MARCHF8/SPTA1/FOXJ2/SELENBP1/ACKR1/ISCA1/SLC22A4/CTSE/RNF19A/MYL4/RAD23A/SLC4A1/GAPVD1/DMTN/BACH1/ALAD/MKRN1/PSMD9/ARL2BP/NFE2L1/GYPE/ATG4A/CA2/EPB41/DCUN1D1/ATP6V0A1/FBXO34/DCAF11/SMOX/ALAS2/PPP2R5B/CCND3/RBM5/FECH",0.0495901956956338
"HALLMARK_KRAS_SIGNALING_DN","HALLMARK_KRAS_SIGNALING_DN",200,0.425346283979255,1.01211725921624,0.478744939271255,0.664923526765632,0.664923526765632,4389,"tags=23%, list=12%, signal=20%","CNTFR/ZBTB16/HSD11B2/FGFR3/TCF7L1/BTG2/NR4A2/GPRC5C/EFHD1/KLHDC8A/CELSR2/TGFB2/MTHFR/STAG3/CPB1/MAST3/PRKN/KMT2D/RYR1/LFNG/CPEB3/RIBC2/C5/GPR19/CPA2/DCC/KCNQ2/SNN/EDAR/SELENOP/PDK2/BARD1/EDN1/YPEL1/CKM/ARPP21/ASB7/SLC25A23/YBX2/GPR3/ZNF112/TENT5C/SLC38A3/ADRA2C/SYNPO/PLAG1",0.0482149710025564
